,Unnamed: 0,date,type,pt_time,demand,fk_temp,fk_q_temp,fk_precipit,fk_ni_precipit,fk_q_precipit,fk_suntime,fk_ni_suntime,fk_q_suntime,fk_windspeed,fk_q_windspeed,fk_windroot,fk_q_windroot,fk_humidity,fk_q_humidity,fk_sunpower,fk_q_sunpower,fk_weather,fk_q_weather,fk_seaatom,fk_q_seaatom,kg_temp,kg_q_temp,kg_precipit,kg_ni_precipit,kg_q_precipit,kg_suntime,kg_ni_suntime,kg_q_suntime,kg_windspeed,kg_q_windspeed,kg_windroot,kg_q_windroot,kg_humidity,kg_q_humidity,kg_sunpower,kg_q_sunpower,kg_weather,kg_q_weather,kg_seaatom,kg_q_seaatom,km_temp,km_q_temp,km_precipit,km_ni_precipit,km_q_precipit,km_suntime,km_ni_suntime,km_q_suntime,km_windspeed,km_q_windspeed,km_windroot,km_q_windroot,km_humidity,km_q_humidity,km_sunpower,km_q_sunpower,km_weather,km_q_weather,km_seaatom,km_q_seaatom
168,168,2020-01-08,2,00:00:00,827,16.7,8,0.0,8,1,0,1,18.5,8,1,0.0,1.0,1,82,1,7.4,ìÏêº,8,1007.7,8,19.0,8,0.0,8,1,0,1,2.0,8,1,0.0,1.0,1,91.0,1,5.5,ìÏìÏêº,8,1011.8,8,17.5,8,0.0,8,1,0,1,0.0,8,1,0.0,1.0,1,84.0,1,3.5,ìÏìÏêº,8,1008.0,8
336,336,2020-01-15,2,00:00:00,1002,4.2,8,0.0,8,1,0,1,0.0,8,1,0.0,1.0,1,91,1,1.7,ìÏìå,8,1024.7,8,6.1,8,0.0,8,1,0,1,0.0,8,1,0.0,1.0,1,85.0,1,3.0,ñkêº,8,1023.7,8,3.5,8,0.0,8,1,0,1,0.0,8,1,0.0,1.0,1,87.0,1,0.8,êºñkêº,8,1025.0,8
504,504,2020-01-22,2,00:00:00,968,6.6,8,0.0,8,1,0,1,0.0,8,1,0.0,1.0,1,68,1,1.0,ìÏìÏìå,8,1027.5,8,7.1,8,0.0,8,1,0,1,0.0,8,1,0.0,1.0,1,84.0,1,3.6,ñk,8,1027.3,8,3.7,8,0.0,8,1,0,1,0.0,8,1,0.0,1.0,1,87.0,1,1.4,ñkñkìå,8,1027.7,8
672,672,2020-01-29,2,00:00:00,874,11.1,8,0.0,8,1,0,1,0.0,8,1,0.0,1.0,1,76,1,7.0,ñk,8,1014.1,8,9.5,8,0.0,8,1,0,1,0.0,8,1,0.0,1.0,1,85.0,1,2.6,êºñkêº,8,1013.6,8,8.4,8,0.0,8,1,0,1,0.0,8,1,0.0,1.0,1,90.0,1,0.6,ñkñkìå,8,1013.8,8
840,840,2020-02-05,2,00:00:00,951,6.1,8,0.0,8,1,0,1,0.0,8,1,0.0,1.0,1,73,1,1.1,êºìÏêº,8,1023.7,8,9.3,8,0.0,8,1,0,1,0.0,8,1,0.0,1.0,1,66.0,1,3.4,ñkêº,8,1022.6,8,3.4,8,0.0,8,1,8,1,0.0,8,1,0.0,1.0,1,80.0,1,0.7,ñk,8,1024.1,8
1008,1008,2020-02-12,2,00:00:00,876,10.4,8,0.0,8,1,0,1,0.0,8,1,0.0,1.0,1,54,1,1.6,ìÏìå,8,1026.6,8,12.1,8,0.0,8,1,0,1,0.0,8,1,0.0,1.0,1,75.0,1,1.6,ñkñkìå,8,1026.9,8,8.8,8,0.0,8,1,8,1,0.0,8,1,0.0,1.0,1,64.0,1,0.5,ñk,8,1027.3,8
1176,1176,2020-02-19,2,00:00:00,1071,2.7,8,0.0,8,1,0,1,0.0,8,1,0.0,1.0,1,76,1,1.8,ìÏìå,8,1028.1,8,2.9,8,0.0,8,1,0,1,0.0,8,1,0.0,1.0,1,83.0,1,3.1,ñkêº,8,1027.9,8,1.3,8,0.0,8,1,1,1,0.0,8,1,0.0,1.0,1,90.0,1,1.2,ñkñkìå,8,1028.9,8
1344,1344,2020-02-26,2,00:00:00,786,12.7,8,0.0,8,1,0,1,1.0,8,1,0.0,1.0,1,98,1,2.7,ñkñkêº,8,1015.8,8,19.0,8,0.0,8,1,0,1,0.0,8,1,0.0,1.0,1,87.0,1,2.4,êºñkêº,8,1014.6,8,16.4,8,0.0,8,1,8,1,0.0,8,1,0.0,1.0,1,97.0,1,4.0,ìÏêº,8,1014.3,8
1512,1512,2020-03-04,2,00:00:00,824,12.2,8,0.0,8,1,0,1,0.0,8,1,0.0,1.0,1,64,1,1.3,ñkêº,8,1019.4,8,14.2,8,0.0,8,1,0,1,0.0,8,1,0.0,1.0,1,90.0,1,1.2,ìåñkìå,8,1019.8,8,12.3,8,0.0,8,1,8,1,0.0,8,1,0.0,1.0,1,79.0,1,1.5,ìÏìÏêº,8,1019.6,8
1680,1680,2020-03-11,2,00:00:00,822,11.4,8,0.0,8,1,0,1,0.0,8,1,0.0,1.0,1,66,1,3.2,êº,8,1010.6,8,12.2,8,0.0,8,1,0,1,0.0,8,1,0.0,1.0,1,68.0,1,3.6,ñkêº,8,1010.8,8,10.9,8,0.0,8,1,8,1,0.0,8,1,0.0,1.0,1,73.0,1,3.8,êºìÏêº,8,1010.8,8
1848,1848,2020-03-18,2,00:00:00,851,12.4,8,0.0,8,1,0,1,0.0,8,1,0.0,1.0,1,63,1,2.9,ìÏìÏêº,8,1017.2,8,9.8,8,0.0,8,1,0,1,0.0,8,1,0.0,1.0,1,85.0,1,3.0,ñkñkêº,8,1018.5,8,9.3,8,0.0,8,1,8,1,0.0,8,1,0.0,1.0,1,86.0,1,1.2,ñkñkìå,8,1018.0,8
2016,2016,2020-03-25,2,00:00:00,778,11.0,8,0.0,8,1,0,1,0.0,8,1,0.0,1.0,1,30,1,3.4,ìÏìå,8,1021.4,8,12.6,8,0.0,8,1,0,1,0.0,8,1,0.0,1.0,1,77.0,1,2.3,ñkñkêº,8,1020.4,8,10.5,8,0.0,8,1,8,1,0.0,8,1,0.0,1.0,1,49.0,1,0.9,ñkìå,8,1021.0,8
2184,2184,2020-04-01,2,00:00:00,765,14.1,8,0.0,8,1,0,1,0.0,8,1,0.0,1.0,1,95,1,1.0,ñkñkìå,8,1011.3,8,16.8,8,0.0,8,1,0,1,0.5,8,1,0.0,1.0,1,90.0,1,1.8,ìÏêº,8,1010.2,8,14.3,8,0.0,8,1,8,1,0.0,8,1,0.0,1.0,1,99.0,1,1.3,ìÏìÏìå,8,1010.7,8
2352,2352,2020-04-08,2,00:00:00,769,12.1,8,0.0,8,1,0,1,0.0,8,1,0.0,1.0,1,65,1,3.0,ìÏìå,8,1015.5,8,11.5,8,0.0,8,1,0,1,0.0,8,1,0.0,1.0,1,76.0,1,3.5,ñkêº,8,1015.8,8,10.6,8,0.0,8,1,8,1,0.0,8,1,0.0,1.0,1,79.0,1,0.8,ñkñkìå,8,1016.4,8
2520,2520,2020-04-15,2,00:00:00,776,10.9,8,0.0,8,1,0,1,0.0,8,1,0.0,1.0,1,56,1,1.2,ìÏìå,8,1016.3,8,13.1,8,0.0,8,1,0,1,0.0,8,1,0.0,1.0,1,75.0,1,1.7,ñk,8,1016.7,8,11.2,8,0.0,8,1,8,1,0.0,8,1,0.0,1.0,1,70.0,1,1.4,ñk,8,1016.9,8
2688,2688,2020-04-22,2,00:00:00,744,12.5,8,0.0,8,1,0,1,0.0,8,1,0.0,1.0,1,35,1,4.2,êºñkêº,8,1017.8,8,14.1,8,0.0,8,1,0,1,0.0,8,1,0.0,1.0,1,50.0,1,3.0,ñkêº,8,1017.0,8,12.9,8,0.0,8,1,8,1,0.0,8,1,0.0,1.0,1,39.0,1,3.8,êº,8,1017.6,8
3192,3192,2020-05-13,2,00:00:00,688,19.4,8,0.0,8,1,0,1,0.0,8,1,0.0,1.0,1,58,1,4.3,ìÏêº,8,1010.8,8,17.3,8,0.0,8,1,0,1,0.0,8,1,0.0,1.0,1,86.0,1,2.5,ñkñkêº,8,1012.1,8,17.8,8,0.0,8,1,8,1,0.0,8,1,0.0,1.0,1,78.0,1,2.3,ìÏìå,8,1011.2,8
3360,3360,2020-05-20,2,00:00:00,702,17.3,8,0.0,8,1,0,1,0.0,8,1,0.0,1.0,1,68,1,2.8,êºìÏêº,8,1006.5,8,19.7,8,0.0,8,1,0,1,0.0,8,1,0.0,1.0,1,70.0,1,4.8,êº,8,1006.8,8,17.1,8,0.0,8,1,8,1,0.0,8,1,0.0,1.0,1,65.0,1,3.6,êºñkêº,8,1006.9,8
3528,3528,2020-05-27,2,00:00:00,720,18.2,8,0.0,8,1,0,1,0.0,8,1,0.0,1.0,1,77,1,1.7,ìÏìå,8,1008.9,8,20.4,8,0.0,8,1,0,1,0.0,8,1,0.0,1.0,1,92.0,1,1.1,ñk,8,1009.2,8,18.8,8,0.0,8,1,8,1,0.0,8,1,0.0,1.0,1,96.0,1,1.1,ìÏêº,8,1009.2,8
3696,3696,2020-06-03,2,00:00:00,725,21.7,8,0.0,8,1,0,1,0.0,8,1,0.0,1.0,1,75,1,2.3,ìÏìå,8,1007.0,8,22.1,8,0.0,8,1,0,1,0.0,8,1,0.0,1.0,1,84.0,1,1.1,êºñkêº,8,1008.5,8,20.7,8,0.0,8,1,8,1,0.0,8,1,0.0,1.0,1,87.0,1,0.9,ìÏìÏìå,8,1008.4,8
3864,3864,2020-06-10,2,00:00:00,759,25.2,8,0.0,8,1,0,1,0.0,8,1,0.0,1.0,1,63,1,2.2,ìÏìå,8,1013.5,8,23.6,8,0.0,8,1,0,1,0.0,8,1,0.0,1.0,1,84.0,1,1.1,ìÏìÏêº,8,1012.6,8,24.2,8,0.0,8,1,8,1,0.0,8,1,0.0,1.0,1,72.0,1,5.1,ìåñkìå,8,1013.0,8
4032,4032,2020-06-17,2,00:00:00,777,23.0,8,0.0,8,1,0,1,0.0,8,1,0.0,1.0,1,77,1,0.7,ñkêº,8,1006.0,8,22.4,8,0.0,8,1,0,1,0.0,8,1,0.0,1.0,1,83.0,1,1.4,ñkñkêº,8,1005.5,8,23.0,8,0.0,8,1,8,1,0.0,8,1,0.0,1.0,1,84.0,1,0.6,ñkìå,8,1005.6,8
4200,4200,2020-06-24,2,00:00:00,785,25.0,8,0.0,8,1,0,1,0.0,8,1,0.0,1.0,1,66,1,1.4,ìÏìå,8,1008.8,8,24.5,8,0.0,8,1,0,1,0.0,8,1,0.0,1.0,1,77.0,1,1.5,ìÏìÏêº,8,1009.4,8,24.5,8,0.0,8,1,8,1,0.0,8,1,0.0,1.0,1,72.0,1,1.2,ìÏìÏìå,8,1009.0,8
4368,4368,2020-07-01,2,00:00:00,764,24.0,8,0.0,8,1,0,1,0.0,8,1,0.0,1.0,1,66,1,3.4,ìÏìÏêº,8,1001.0,8,20.6,8,0.0,8,1,0,1,2.0,8,1,0.0,1.0,1,87.0,1,4.9,êº,8,1003.7,8,22.3,8,0.0,8,1,8,1,0.0,8,1,0.0,1.0,1,85.0,1,1.3,ìÏìÏìå,8,1003.0,8
4536,4536,2020-07-08,2,00:00:00,790,22.2,8,0.0,8,1,0,1,10.5,8,1,0.0,1.0,1,97,1,2.6,ìÏ,8,1003.6,8,28.1,8,0.0,8,1,0,1,1.0,8,1,0.0,1.0,1,85.0,1,5.4,ìÏêº,8,1005.0,8,26.1,8,0.0,8,1,8,1,0.0,8,1,0.0,1.0,1,91.0,1,6.9,êºìÏêº,8,1003.7,8
4704,4704,2020-07-15,2,00:00:00,774,22.4,8,0.0,8,1,0,1,0.0,8,1,0.0,1.0,1,78,1,1.2,êº,8,1004.6,8,23.7,8,0.0,8,1,0,1,0.0,8,1,0.0,1.0,1,84.0,1,2.6,ìÏêº,8,1005.3,8,21.7,8,0.0,8,1,8,1,0.0,8,1,0.0,1.0,1,92.0,1,0.9,êºìÏêº,8,1005.1,8
4872,4872,2020-07-22,2,00:00:00,889,26.7,8,0.0,8,1,0,1,0.0,8,1,0.0,1.0,1,88,1,1.4,ìÏìå,8,1012.2,8,27.0,8,0.0,8,1,0,1,0.0,8,1,0.0,1.0,1,88.0,1,2.4,ñkñkêº,8,1012.8,8,27.3,8,0.0,8,1,8,1,0.0,8,1,0.0,1.0,1,87.0,1,2.2,ìÏêº,8,1012.9,8
5040,5040,2020-07-29,2,00:00:00,842,26.3,8,0.0,8,1,0,1,0.0,8,1,0.0,1.0,1,87,1,1.7,ìÏìÏìå,8,1013.3,8,27.1,8,0.0,8,1,0,1,0.0,8,1,0.0,1.0,1,93.0,1,0.7,ìÏìÏìå,8,1013.8,8,25.1,8,0.0,8,1,8,1,0.0,8,1,0.0,1.0,1,95.0,1,0.4,êºñkêº,8,1013.9,8
5208,5208,2020-08-05,2,00:00:00,931,28.4,8,0.0,8,1,0,1,0.0,8,1,0.0,1.0,1,75,1,1.0,ìåìÏìå,8,1015.6,8,28.3,8,0.0,8,1,0,1,0.0,8,1,0.0,1.0,1,81.0,1,2.0,ìÏìÏìå,8,1016.0,8,28.7,8,0.0,8,1,8,1,0.0,8,1,0.0,1.0,1,76.0,1,1.1,ìÏêº,8,1015.8,8
5376,5376,2020-08-12,2,00:00:00,868,26.8,8,0.0,8,1,0,1,0.0,8,1,0.0,1.0,1,91,1,1.3,ìÏìÏìå,8,1015.7,8,29.3,8,0.0,8,1,0,1,0.0,8,1,0.0,1.0,1,88.0,1,1.0,ìÏìÏêº,8,1017.1,8,28.2,8,0.0,8,1,8,1,0.0,8,1,0.0,1.0,1,83.0,1,0.9,ìÏìÏìå,8,1016.6,8
5544,5544,2020-08-19,2,00:00:00,968,27.7,8,0.0,8,1,0,1,0.0,8,1,0.0,1.0,1,60,1,1.1,ìÏìÏêº,8,1011.5,8,28.6,8,0.0,8,1,0,1,0.0,8,1,0.0,1.0,1,83.0,1,2.0,ñkñkêº,8,1010.6,8,28.6,8,0.0,8,1,8,1,0.0,8,1,0.0,1.0,1,73.0,1,0.5,ñkñkìå,8,1010.8,8
5712,5712,2020-08-26,2,00:00:00,977,30.2,8,0.0,8,1,0,1,0.0,8,1,0.0,1.0,1,65,1,3.5,ìÏìå,8,1005.4,8,29.6,8,0.0,8,1,0,1,0.0,8,1,0.0,1.0,1,76.0,1,3.0,ìåìÏìå,8,1005.5,8,28.9,8,0.0,8,1,8,1,0.0,8,1,0.0,1.0,1,68.0,1,2.5,ìåìÏìå,8,1005.4,8
5880,5880,2020-09-02,2,00:00:00,973,30.1,8,0.0,8,1,0,1,0.0,8,1,0.0,1.0,1,66,1,1.0,ìåìÏìå,8,1004.8,8,29.6,8,0.0,8,1,0,1,0.0,8,1,0.0,1.0,1,80.0,1,3.9,ìåìÏìå,8,1003.4,8,27.6,8,0.0,8,1,8,1,0.5,8,1,0.0,1.0,1,78.0,1,1.9,ñkñkìå,8,1004.7,8
6048,6048,2020-09-09,2,00:00:00,830,26.0,8,0.0,8,1,0,1,0.0,8,1,0.0,1.0,1,68,1,2.8,ìÏìå,8,1014.5,8,24.4,8,0.0,8,1,0,1,0.0,8,1,0.0,1.0,1,88.0,1,2.5,ñk,8,1015.5,8,24.4,8,0.0,8,1,8,1,0.0,8,1,0.0,1.0,1,79.0,1,0.8,ñk,8,1015.7,8
6216,6216,2020-09-16,2,00:00:00,804,24.8,8,0.0,8,1,0,1,0.0,8,1,0.0,1.0,1,74,1,2.8,ìÏìå,8,1011.2,8,24.3,8,0.0,8,1,0,1,0.5,8,1,0.0,1.0,1,88.0,1,1.8,ñkñkìå,8,1011.6,8,24.1,8,0.0,8,1,8,1,0.0,8,1,0.0,1.0,1,91.0,1,1.4,ñk,8,1011.7,8
6384,6384,2020-09-23,2,00:00:00,720,21.3,8,0.0,8,1,0,1,0.0,8,1,0.0,1.0,1,80,1,1.0,ìÏêº,8,1012.7,8,25.5,8,0.0,8,1,0,1,0.0,8,1,0.0,1.0,1,57.0,1,3.0,ñkñkìå,8,1010.0,8,21.5,8,0.0,8,1,8,1,0.0,8,1,0.0,1.0,1,65.0,1,1.8,ñk,8,1011.1,8
6552,6552,2020-09-30,2,00:00:00,726,20.1,8,0.0,8,1,0,1,0.0,8,1,0.0,1.0,1,78,1,0.7,ìåìÏìå,8,1007.3,8,22.1,8,0.0,8,1,0,1,0.0,8,1,0.0,1.0,1,77.0,1,1.9,ñk,8,1006.3,8,20.1,8,0.0,8,1,8,1,0.0,8,1,0.0,1.0,1,81.0,1,0.8,ñk,8,1007.1,8
6720,6720,2020-10-07,2,00:00:00,726,18.4,8,0.0,8,1,0,1,0.0,8,1,0.0,1.0,1,60,1,1.0,ìåñkìå,8,1020.8,8,19.6,8,0.0,8,1,0,1,0.0,8,1,0.0,1.0,1,64.0,1,3.2,ñkñkêº,8,1016.9,8,17.0,8,0.0,8,1,8,1,0.0,8,1,0.0,1.0,1,67.0,1,2.5,ñkñkêº,8,1019.0,8
6888,6888,2020-10-14,2,00:00:00,737,19.0,8,0.0,8,1,0,1,0.0,8,1,0.0,1.0,1,76,1,1.6,êºìÏêº,8,1019.5,8,19.1,8,0.0,8,1,0,1,0.0,8,1,0.0,1.0,1,76.0,1,3.8,ñkñkêº,8,1017.2,8,17.7,8,0.0,8,1,8,1,0.0,8,1,0.0,1.0,1,77.0,1,1.5,ñkñkìå,8,1018.5,8
7056,7056,2020-10-21,2,00:00:00,732,14.9,8,0.0,8,1,0,1,0.0,8,1,0.0,1.0,1,75,1,1.0,ìÏ,8,1022.1,8,19.6,8,0.0,8,1,0,1,0.0,8,1,0.0,1.0,1,63.0,1,4.9,ñkìå,8,1020.6,8,14.6,8,0.0,8,1,8,1,0.0,8,1,0.0,1.0,1,64.0,1,0.9,ñkñkêº,8,1021.7,8
7224,7224,2020-10-28,2,00:00:00,729,14.6,8,0.0,8,1,0,1,0.0,8,1,0.0,1.0,1,85,1,0.9,ìÏìÏìå,8,1021.0,8,16.6,8,0.0,8,1,0,1,0.0,8,1,0.0,1.0,1,84.0,1,3.6,ñk,8,1020.0,8,12.9,8,0.0,8,1,8,1,0.0,8,1,0.0,1.0,1,86.0,1,0.9,ñk,8,1020.9,8
7392,7392,2020-11-04,2,00:00:00,752,12.9,8,0.0,8,1,0,1,0.0,8,1,0.0,1.0,1,45,1,2.8,êºñkêº,8,1020.4,8,11.6,8,0.0,8,1,0,1,0.0,8,1,0.0,1.0,1,63.0,1,3.2,ñkñkêº,8,1019.3,8,8.0,8,0.0,8,1,8,1,0.0,8,1,0.0,1.0,1,78.0,1,0.4,ìÏ,8,1020.9,8
7560,7560,2020-11-11,2,00:00:00,804,9.0,8,0.0,8,1,0,1,0.0,8,1,0.0,1.0,1,80,1,1.1,ìÏìå,8,1028.3,8,11.3,8,0.0,8,1,0,1,0.0,8,1,0.0,1.0,1,75.0,1,3.9,ñkñkêº,8,1026.3,8,8.1,8,0.0,8,1,8,1,0.0,8,1,0.0,1.0,1,85.0,1,0.6,ìå,8,1027.9,8
7728,7728,2020-11-18,2,00:00:00,747,18.5,8,0.0,8,1,0,1,0.0,8,1,0.0,1.0,1,82,1,1.6,ìåìÏìå,8,1023.3,8,20.4,8,0.0,8,1,0,1,0.0,8,1,0.0,1.0,1,81.0,1,4.1,ñkñkìå,8,1023.5,8,17.2,8,0.0,8,1,8,1,0.0,8,1,0.0,1.0,1,88.0,1,0.9,ñkñkêº,8,1023.8,8
7896,7896,2020-11-25,2,00:00:00,770,12.7,8,0.0,8,1,0,1,0.0,8,1,0.0,1.0,1,74,1,1.2,ìÏìå,8,1024.2,8,15.2,8,0.0,8,1,0,1,0.0,8,1,0.0,1.0,1,77.0,1,3.1,ñkñkêº,8,1023.3,8,13.1,8,0.0,8,1,8,1,0.0,8,1,0.0,1.0,1,82.0,1,0.8,ñkñkêº,8,1024.2,8
8064,8064,2020-12-02,2,00:00:00,866,7.9,8,0.0,8,1,0,1,0.0,8,1,0.0,1.0,1,76,1,1.0,ìÏìÏêº,8,1028.2,8,11.6,8,0.0,8,1,0,1,0.0,8,1,0.0,1.0,1,71.0,1,3.9,ñk,8,1025.9,8,6.2,8,0.0,8,1,8,1,0.0,8,1,0.0,1.0,1,82.0,1,0.7,ñk,8,1027.9,8
8232,8232,2020-12-09,2,00:00:00,879,8.5,8,0.0,8,1,0,1,0.0,8,1,0.0,1.0,1,65,1,1.1,ìåìÏìå,8,1025.1,8,11.0,8,0.0,8,1,0,1,0.0,8,1,0.0,1.0,1,69.0,1,3.2,ñkêº,8,1024.3,8,5.7,8,0.0,8,1,8,1,0.0,8,1,0.0,1.0,1,79.0,1,1.1,ñk,8,1025.1,8
8400,8400,2020-12-16,2,00:00:00,1056,4.3,8,0.0,8,1,0,1,0.0,8,1,0.0,1.0,1,42,1,6.3,ñkêº,8,1026.7,8,3.8,8,0.0,8,1,0,1,0.0,8,1,0.0,1.0,1,57.0,1,2.6,ñkñkêº,8,1026.1,8,-1.5,8,0.0,8,1,8,1,0.0,8,1,0.0,1.0,1,81.0,1,0.9,ñk,8,1027.5,8
8568,8568,2020-12-23,2,00:00:00,997,5.1,8,0.0,8,1,0,1,0.0,8,1,0.0,1.0,1,78,1,1.0,ìÏìå,8,1027.1,8,4.8,8,0.0,8,1,0,1,0.0,8,1,0.0,1.0,1,78.0,1,3.5,ñkñkêº,8,1027.0,8,3.5,8,0.0,8,1,8,1,0.0,8,1,0.0,1.0,1,82.0,1,1.6,ñkñkìå,8,1027.6,8
8736,8736,2020-12-30,2,00:00:00,780,10.9,8,0.0,8,1,0,1,2.5,8,1,0.0,1.0,1,97,1,4.3,ñkñkêº,8,1009.9,8,15.7,8,0.0,8,1,0,1,0.0,8,1,0.0,1.0,1,98.0,1,1.6,ìÏêº,8,1008.0,8,11.4,8,0.0,8,1,8,1,1.0,8,1,0.0,1.0,1,100.0,1,0.8,ìÏìÏêº,8,1007.7,8
8904,8904,2021-01-06,2,00:00:00,947,7.5,8,0.0,8,1,0,1,0.0,8,1,0.0,1.0,1,48,1,3.9,ñkñkêº,8,1022.8,8,7.1,8,0.0,8,1,0,1,0.0,8,1,0.0,1.0,1,67.0,1,2.4,ñkêº,8,1022.1,8,5.2,8,0.0,8,1,8,1,0.0,8,1,0.0,1.0,1,81.0,1,0.6,ìå,8,1022.5,8
9072,9072,2021-01-13,2,00:00:00,1092,3.8,8,0.0,8,1,0,1,0.0,8,1,0.0,1.0,1,77,1,1.9,ìåìÏìå,8,1018.4,8,5.0,8,0.0,8,1,0,1,0.0,8,1,0.0,1.0,1,77.0,1,1.9,ñkêº,8,1019.5,8,1.3,8,0.0,8,1,8,1,0.0,8,1,0.0,1.0,1,88.0,1,1.4,ñkñkìå,8,1019.7,8
9240,9240,2021-01-20,2,00:00:00,1044,1.9,8,0.0,8,1,0,1,0.0,8,1,0.0,1.0,1,79,1,0.7,ìÏìå,8,1030.5,8,4.9,8,0.0,8,1,0,1,0.0,8,1,0.0,1.0,1,74.0,1,4.4,ñk,8,1028.3,8,2.0,8,0.0,8,1,8,1,0.0,8,1,0.0,1.0,1,69.0,1,0.9,ñkñkìå,8,1030.1,8
9408,9408,2021-01-27,2,00:00:00,843,11.3,8,0.0,8,1,0,1,0.0,8,1,0.0,1.0,1,89,1,3.5,ñk,8,1016.5,8,14.8,8,0.0,8,1,0,1,0.0,8,1,0.0,1.0,1,86.0,1,1.2,ñkêº,8,1014.5,8,12.8,8,0.0,8,1,8,1,0.0,8,1,0.0,1.0,1,87.0,1,0.9,ñkêº,8,1014.7,8
9576,9576,2021-02-03,2,00:00:00,955,5.2,8,0.0,8,1,0,1,0.0,8,1,0.0,1.0,1,54,1,3.3,êºìÏêº,8,1024.7,8,6.6,8,0.0,8,1,0,1,0.0,8,1,0.0,1.0,1,60.0,1,2.8,ñk,8,1024.3,8,4.4,8,0.0,8,1,8,1,0.0,8,1,0.0,1.0,1,56.0,1,2.2,êº,8,1025.4,8
9744,9744,2021-02-10,2,00:00:00,998,3.6,8,0.0,8,1,0,1,0.0,8,1,0.0,1.0,1,60,1,1.5,ìÏìå,8,1025.7,8,5.2,8,0.0,8,1,0,1,0.0,8,1,0.0,1.0,1,65.0,1,3.5,ñkêº,8,1025.4,8,2.3,8,0.0,8,1,8,1,0.0,8,1,0.0,1.0,1,78.0,1,1.0,ñkñkêº,8,1026.2,8
9912,9912,2021-02-17,2,00:00:00,894,6.2,8,0.0,8,1,0,1,0.0,8,1,0.0,1.0,1,52,1,6.8,êºñkêº,8,1014.8,8,11.4,8,0.0,8,1,0,1,0.0,8,1,0.0,1.0,1,55.0,1,5.3,êºñkêº,8,1013.2,8,7.7,8,0.0,8,1,8,1,0.0,8,1,0.0,1.0,1,78.0,1,3.2,ñkêº,8,1013.9,8
10080,10080,2021-02-24,2,00:00:00,791,9.9,8,0.0,8,1,0,1,0.0,8,1,0.0,1.0,1,59,1,2.0,ñkìå,8,1022.8,8,11.3,8,0.0,8,1,0,1,0.0,8,1,0.0,1.0,1,59.0,1,4.9,ñkñkêº,8,1020.3,8,9.2,8,0.0,8,1,8,1,0.0,8,1,0.0,1.0,1,61.0,1,0.2,ê√â∏,8,1022.0,8
10248,10248,2021-03-03,2,00:00:00,885,6.6,8,0.0,8,1,0,1,0.0,8,1,0.0,1.0,1,56,1,5.2,ñkñkìå,8,1027.8,8,6.7,8,0.0,8,1,0,1,0.0,8,1,0.0,1.0,1,64.0,1,3.2,ñkêº,8,1024.8,8,6.0,8,0.0,8,1,8,1,0.0,8,1,0.0,1.0,1,54.0,1,4.4,ñkìå,8,1026.6,8
10416,10416,2021-03-10,2,00:00:00,841,9.2,8,0.0,8,1,0,1,0.0,8,1,0.0,1.0,1,79,1,1.3,ìÏêº,8,1023.9,8,11.7,8,0.0,8,1,0,1,0.0,8,1,0.0,1.0,1,83.0,1,2.3,ñkêº,8,1021.9,8,9.1,8,0.0,8,1,8,1,0.0,8,1,0.0,1.0,1,88.0,1,0.8,êº,8,1023.2,8
10584,10584,2021-03-17,2,00:00:00,788,12.8,8,0.0,8,1,0,1,0.0,8,1,0.0,1.0,1,92,1,0.7,ñkñkìå,8,1014.9,8,18.3,8,0.0,8,1,0,1,2.0,8,1,0.0,1.0,1,96.0,1,1.8,êºìÏêº,8,1014.4,8,15.3,8,0.0,8,1,8,1,0.0,8,1,0.0,1.0,1,98.0,1,2.2,ñk,8,1014.8,8
10752,10752,2021-03-24,2,00:00:00,838,9.7,8,0.0,8,1,0,1,0.0,8,1,0.0,1.0,1,69,1,1.7,ìåìÏìå,8,1023.1,8,9.2,8,0.0,8,1,0,1,0.0,8,1,0.0,1.0,1,75.0,1,3.1,ñk,8,1023.4,8,8.6,8,0.0,8,1,8,1,0.0,8,1,0.0,1.0,1,74.0,1,0.6,ñkñkìå,8,1024.0,8
10920,10920,2021-03-31,2,00:00:00,740,12.2,8,0.0,8,1,0,1,0.0,8,1,0.0,1.0,1,65,1,1.6,ìÏêº,8,1013.3,8,14.1,8,0.0,8,1,0,1,0.0,8,1,0.0,1.0,1,92.0,1,3.8,ñkñkêº,8,1011.4,8,12.7,8,0.0,8,1,8,1,0.0,8,1,0.0,1.0,1,87.0,1,1.0,ñkñkìå,8,1012.2,8
11088,11088,2021-04-07,2,00:00:00,773,11.1,8,0.0,8,1,0,1,0.0,8,1,0.0,1.0,1,65,1,0.9,ìÏ,8,1019.5,8,13.4,8,0.0,8,1,0,1,0.0,8,1,0.0,1.0,1,57.0,1,1.9,ñkêº,8,1017.7,8,10.0,8,0.0,8,1,8,1,0.0,8,1,0.0,1.0,1,66.0,1,0.5,ñkêº,8,1019.7,8
11256,11256,2021-04-14,2,00:00:00,744,14.2,8,0.0,8,1,0,1,0.0,8,1,0.0,1.0,1,69,1,2.7,êºìÏêº,8,1014.4,8,14.6,8,0.0,8,1,0,1,0.0,8,1,0.0,1.0,1,84.0,1,2.3,ñkñkêº,8,1014.4,8,14.1,8,0.0,8,1,8,1,0.0,8,1,0.0,1.0,1,84.0,1,0.8,ñkñkêº,8,1014.6,8
11424,11424,2021-04-21,2,00:00:00,740,14.0,8,0.0,8,1,0,1,0.0,8,1,0.0,1.0,1,65,1,0.7,êºìÏêº,8,1022.1,8,14.9,8,0.0,8,1,0,1,0.0,8,1,0.0,1.0,1,72.0,1,3.4,ñkñkêº,8,1021.8,8,14.2,8,0.0,8,1,8,1,0.0,8,1,0.0,1.0,1,65.0,1,0.6,ñkñkêº,8,1022.3,8
11592,11592,2021-04-28,2,00:00:00,742,18.0,8,0.0,8,1,0,1,0.0,8,1,0.0,1.0,1,83,1,1.0,ìÏìÏêº,8,1019.5,8,19.0,8,0.0,8,1,0,1,0.0,8,1,0.0,1.0,1,88.0,1,2.2,ìÏìÏìå,8,1020.2,8,17.9,8,0.0,8,1,8,1,0.0,8,1,0.0,1.0,1,87.0,1,0.4,ñkñkêº,8,1019.8,8
11928,11928,2021-05-12,2,00:00:00,731,20.2,8,0.0,8,1,0,1,0.0,8,1,0.0,1.0,1,69,1,2.0,ìåìÏìå,8,1011.2,8,20.2,8,0.0,8,1,0,1,0.0,8,1,0.0,1.0,1,97.0,1,2.2,ìÏ,8,1010.9,8,19.9,8,0.0,8,1,8,1,0.5,8,1,0.0,1.0,1,95.0,1,0.3,êºñkêº,8,1011.1,8
12096,12096,2021-05-19,2,00:00:00,740,18.5,8,0.0,8,1,0,1,0.0,8,1,0.0,1.0,1,86,1,1.0,ñk,8,1010.9,8,20.2,8,0.0,8,1,0,1,0.5,8,1,0.0,1.0,1,92.0,1,0.5,ìåìÏìå,8,1010.3,8,19.4,8,0.0,8,1,8,1,0.0,8,1,0.0,1.0,1,89.0,1,0.6,ñk,8,1010.9,8
12264,12264,2021-05-26,2,00:00:00,721,19.5,8,0.0,8,1,0,1,0.0,8,1,0.0,1.0,1,59,1,3.3,êºìÏêº,8,1011.0,8,20.1,8,0.0,8,1,0,1,0.0,8,1,0.0,1.0,1,89.0,1,2.4,ñkêº,8,1011.0,8,18.6,8,0.0,8,1,8,1,0.0,8,1,0.0,1.0,1,90.0,1,1.5,êºìÏêº,8,1011.5,8
12432,12432,2021-06-02,2,00:00:00,780,22.4,8,0.0,8,1,0,1,0.0,8,1,0.0,1.0,1,70,1,1.1,ìåìÏìå,8,1014.3,8,22.9,8,0.0,8,1,0,1,0.0,8,1,0.0,1.0,1,77.0,1,3.9,ñkìå,8,1015.2,8,22.7,8,0.0,8,1,8,1,0.0,8,1,0.0,1.0,1,68.0,1,1.9,ìÏìÏìå,8,1015.0,8
12600,12600,2021-06-09,2,00:00:00,796,23.2,8,0.0,8,1,0,1,0.0,8,1,0.0,1.0,1,87,1,0.3,ìÏìÏìå,8,1015.0,8,23.7,8,0.0,8,1,0,1,0.0,8,1,0.0,1.0,1,89.0,1,0.8,ìÏìÏìå,8,1015.1,8,24.7,8,0.0,8,1,8,1,0.0,8,1,0.0,1.0,1,76.0,1,0.5,ñkìå,8,1014.8,8
12768,12768,2021-06-16,2,00:00:00,800,21.9,8,0.0,8,1,0,1,0.0,8,1,0.0,1.0,1,81,1,1.4,ìÏìå,8,1000.3,8,22.6,8,0.0,8,1,0,1,5.0,8,1,0.0,1.0,1,93.0,1,2.3,ìåñkìå,8,1000.5,8,20.3,8,0.0,8,1,8,1,0.0,8,1,0.0,1.0,1,99.0,1,1.3,ñkêº,8,1000.0,8
12936,12936,2021-06-23,2,00:00:00,799,21.7,8,0.0,8,1,0,1,0.0,8,1,0.0,1.0,1,80,1,2.3,ñkêº,8,1009.4,8,24.1,8,0.0,8,1,0,1,0.0,8,1,0.0,1.0,1,76.0,1,1.4,ñkìå,8,1008.2,8,22.6,8,0.0,8,1,8,1,0.0,8,1,0.0,1.0,1,86.0,1,1.5,ìÏìå,8,1008.4,8
13104,13104,2021-06-30,2,00:00:00,832,23.3,8,0.0,8,1,0,1,0.0,8,1,0.0,1.0,1,79,1,0.7,êºìÏêº,8,1006.4,8,25.2,8,0.0,8,1,0,1,0.0,8,1,0.0,1.0,1,87.0,1,2.6,ñkñkìå,8,1006.0,8,25.0,8,0.0,8,1,8,1,0.0,8,1,0.0,1.0,1,84.0,1,1.3,ìÏêº,8,1006.3,8
13272,13272,2021-07-07,2,00:00:00,916,29.5,8,0.0,8,1,0,1,0.0,8,1,0.0,1.0,1,69,1,2.1,ìÏ,8,1011.4,8,27.9,8,0.0,8,1,0,1,0.0,8,1,0.0,1.0,1,89.0,1,2.1,ìÏìÏìå,8,1013.9,8,27.3,8,0.0,8,1,8,1,0.0,8,1,0.0,1.0,1,89.0,1,3.5,ìÏìÏêº,8,1013.0,8
13440,13440,2021-07-14,2,00:00:00,904,27.2,8,0.0,8,1,0,1,0.0,8,1,0.0,1.0,1,82,1,1.6,ìÏìå,8,1013.4,8,25.2,8,0.0,8,1,0,1,0.0,8,1,0.0,1.0,1,94.0,1,1.9,ñkñkìå,8,1013.8,8,25.9,8,0.0,8,1,8,1,0.0,8,1,0.0,1.0,1,88.0,1,1.3,êº,8,1013.8,8
13608,13608,2021-07-21,2,00:00:00,888,28.8,8,0.0,8,1,0,1,0.0,8,1,0.0,1.0,1,59,1,1.3,ìÏìÏêº,8,1012.3,8,26.8,8,0.0,8,1,0,1,0.0,8,1,0.0,1.0,1,76.0,1,5.2,ñkìå,8,1010.4,8,26.1,8,0.0,8,1,8,1,0.0,8,1,0.0,1.0,1,71.0,1,2.7,ìåñkìå,8,1012.3,8
13776,13776,2021-07-28,2,00:00:00,905,26.5,8,0.0,8,1,0,1,0.0,8,1,0.0,1.0,1,86,1,0.9,ñkêº,8,1002.5,8,26.3,8,0.0,8,1,0,1,0.0,8,1,0.0,1.0,1,83.0,1,2.1,ñkêº,8,1001.9,8,27.1,8,0.0,8,1,8,1,0.0,8,1,0.0,1.0,1,81.0,1,1.7,ìåìÏìå,8,1002.1,8
13944,13944,2021-08-04,2,00:00:00,941,27.5,8,0.0,8,1,0,1,0.0,8,1,0.0,1.0,1,88,1,1.6,ìÏìå,8,1010.0,8,28.6,8,0.0,8,1,0,1,0.0,8,1,0.0,1.0,1,77.0,1,1.8,ìå,8,1009.3,8,26.4,8,0.0,8,1,8,1,0.0,8,1,0.0,1.0,1,83.0,1,1.0,ñkñkìå,8,1010.2,8
14112,14112,2021-08-11,2,00:00:00,811,24.8,8,0.0,8,1,0,1,0.0,8,1,0.0,1.0,1,89,1,0.8,ìåìÏìå,8,1011.7,8,26.7,8,0.0,8,1,0,1,0.0,8,1,0.0,1.0,1,85.0,1,1.4,ñk,8,1011.7,8,23.9,8,0.0,8,1,8,1,0.0,8,1,0.0,1.0,1,87.0,1,1.6,ñkñkìå,8,1012.1,8
14280,14280,2021-08-18,2,00:00:00,803,23.1,8,0.0,8,1,0,1,0.0,8,1,0.0,1.0,1,92,1,1.3,êºìÏêº,8,1007.0,8,25.4,8,0.0,8,1,0,1,0.5,8,1,0.0,1.0,1,93.0,1,2.6,ìÏìÏêº,8,1007.4,8,23.2,8,0.0,8,1,8,1,0.0,8,1,0.0,1.0,1,,1,1.0,ñkñkìå,8,1006.6,8
14448,14448,2021-08-25,2,00:00:00,897,25.9,8,0.0,8,1,0,1,12.5,8,1,0.0,1.0,1,98,1,2.0,ñk,8,1008.9,8,27.4,8,0.0,8,1,0,1,0.0,8,1,0.0,1.0,1,87.0,1,2.6,ìÏêº,8,1011.3,8,27.7,8,0.0,8,1,8,1,0.0,8,1,0.0,1.0,1,87.0,1,4.4,ìÏìÏêº,8,1010.3,8
14616,14616,2021-09-01,2,00:00:00,910,27.5,8,0.0,8,1,0,1,0.0,8,1,0.0,1.0,1,79,1,1.2,ìÏìÏêº,8,1013.1,8,27.0,8,0.0,8,1,0,1,0.0,8,1,0.0,1.0,1,83.0,1,0.6,ñkñkìå,8,1013.7,8,27.3,8,0.0,8,1,8,1,0.0,8,1,0.0,1.0,1,83.0,1,1.6,ìÏêº,8,1013.6,8
14784,14784,2021-09-08,2,00:00:00,869,26.7,8,0.0,8,1,0,1,1.5,8,1,0.0,1.0,1,83,1,1.8,ìÏ,8,1009.0,8,27.2,8,0.0,8,1,0,1,0.0,8,1,0.0,1.0,1,81.0,1,1.6,ìÏ,8,1010.4,8,26.8,8,0.0,8,1,8,1,0.0,8,1,0.0,1.0,1,87.0,1,1.7,ìÏìÏìå,8,1010.1,8
14952,14952,2021-09-15,2,00:00:00,792,22.5,8,0.0,8,1,0,1,0.0,8,1,0.0,1.0,1,96,1,0.8,ìÏ,8,1011.4,8,24.8,8,0.0,8,1,0,1,0.0,8,1,0.0,1.0,1,90.0,1,1.2,êºñkêº,8,1010.4,8,23.6,8,0.0,8,1,8,1,0.0,8,1,0.0,1.0,1,90.0,1,1.5,êºñkêº,8,1010.2,8
15120,15120,2021-09-22,2,00:00:00,844,26.5,8,0.0,8,1,0,1,0.0,8,1,0.0,1.0,1,69,1,2.4,ìåñkìå,8,1008.9,8,27.0,8,0.0,8,1,0,1,0.0,8,1,0.0,1.0,1,85.0,1,2.2,ìÏ,8,1010.3,8,24.9,8,0.0,8,1,8,1,2.5,8,1,0.0,1.0,1,99.0,1,3.2,ìÏìÏêº,8,1009.9,8
15288,15288,2021-09-29,2,00:00:00,811,26.2,8,0.0,8,1,0,1,0.0,8,1,0.0,1.0,1,68,1,3.7,ìÏìå,8,1011.0,8,25.7,8,0.0,8,1,0,1,0.0,8,1,0.0,1.0,1,79.0,1,3.0,ñkìå,8,1010.8,8,24.7,8,0.0,8,1,8,1,0.0,8,1,0.0,1.0,1,78.0,1,0.9,ìåñkìå,8,1011.2,8
15456,15456,2021-10-06,2,00:00:00,769,22.8,8,0.0,8,1,0,1,0.0,8,1,0.0,1.0,1,61,1,1.3,ìÏìÏìå,8,1020.5,8,24.1,8,0.0,8,1,0,1,0.0,8,1,0.0,1.0,1,73.0,1,1.7,ñkñkêº,8,1020.4,8,21.8,8,0.0,8,1,8,1,0.0,8,1,0.0,1.0,1,83.0,1,1.0,ñk,8,1020.5,8
15624,15624,2021-10-13,2,00:00:00,827,24.0,8,0.0,8,1,0,1,0.0,8,1,0.0,1.0,1,84,1,2.9,ñk,8,1021.7,8,26.2,8,0.0,8,1,0,1,0.0,8,1,0.0,1.0,1,84.0,1,4.0,ñkìå,8,1019.6,8,25.9,8,0.0,8,1,8,1,0.0,8,1,0.0,1.0,1,82.0,1,1.1,ìÏìå,8,1020.2,8
15792,15792,2021-10-20,2,00:00:00,720,17.9,8,0.0,8,1,0,1,0.0,8,1,0.0,1.0,1,52,1,6.5,ñkñkêº,8,1017.8,8,16.7,8,0.0,8,1,0,1,0.0,8,1,0.0,1.0,1,64.0,1,2.6,ñkñkêº,8,1017.1,8,12.7,8,0.0,8,1,8,1,0.0,8,1,0.0,1.0,1,81.0,1,0.4,ñkêº,8,1017.4,8
15960,15960,2021-10-27,2,00:00:00,738,15.3,8,0.0,8,1,0,1,0.0,8,1,0.0,1.0,1,67,1,0.7,ìÏìÏìå,8,1017.9,8,14.6,8,0.0,8,1,0,1,0.0,8,1,0.0,1.0,1,79.0,1,3.8,ñk,8,1017.5,8,13.2,8,0.0,8,1,8,1,0.0,8,1,0.0,1.0,1,83.0,1,0.4,ñkñkìå,8,1018.3,8
16296,16296,2021-11-10,2,00:00:00,802,10.3,8,0.0,8,1,0,1,2.5,8,1,0.0,1.0,1,88,1,2.4,ìÏêº,8,1010.9,8,12.3,8,0.0,8,1,0,1,0.0,8,1,0.0,1.0,1,87.0,1,1.8,ñkìå,8,1012.1,8,10.7,8,0.0,8,1,8,1,0.0,8,1,0.0,1.0,1,93.0,1,1.0,ìåìÏìå,8,1011.9,8
16464,16464,2021-11-17,2,00:00:00,794,10.9,8,0.0,8,1,0,1,0.0,8,1,0.0,1.0,1,86,1,1.0,ìåìÏìå,8,1023.7,8,12.5,8,0.0,8,1,0,1,0.0,8,1,0.0,1.0,1,76.0,1,4.6,ñkñkêº,8,1022.4,8,10.1,8,0.0,8,1,8,1,0.0,8,1,0.0,1.0,1,93.0,1,1.9,ñkìå,8,1023.5,8
16632,16632,2021-11-24,2,00:00:00,822,10.2,8,0.0,8,1,0,1,0.0,8,1,0.0,1.0,1,64,1,5.6,ñkêº,8,1018.7,8,9.9,8,0.0,8,1,0,1,0.0,8,1,0.0,1.0,1,89.0,1,1.6,êºñkêº,8,1019.3,8,7.7,8,0.0,8,1,8,1,0.0,8,1,0.0,1.0,1,91.0,1,1.0,ìÏìÏìå,8,1019.6,8
16800,16800,2021-12-01,2,00:00:00,832,10.3,8,0.0,8,1,0,1,0.0,8,1,0.0,1.0,1,52,1,5.8,êºñkêº,8,1014.0,8,13.0,8,0.0,8,1,0,1,0.0,8,1,0.0,1.0,1,74.0,1,4.9,ñkñkêº,8,1013.2,8,10.3,8,0.0,8,1,8,1,0.0,8,1,0.0,1.0,1,51.0,1,5.3,êºñkêº,8,1014.2,8
16968,16968,2021-12-08,2,00:00:00,860,12.1,8,0.0,8,1,0,1,0.0,8,1,0.0,1.0,1,72,1,3.8,ñkñkìå,8,1025.7,8,11.9,8,0.0,8,1,0,1,0.0,8,1,0.0,1.0,1,65.0,1,3.8,ñkêº,8,1022.9,8,8.1,8,0.0,8,1,8,1,0.0,8,1,0.0,1.0,1,86.0,1,2.3,ñkñkìå,8,1024.6,8
17136,17136,2021-12-15,2,00:00:00,914,6.9,8,0.0,8,1,0,1,0.0,8,1,0.0,1.0,1,73,1,1.7,ìÏìå,8,1023.0,8,9.6,8,0.0,8,1,0,1,0.0,8,1,0.0,1.0,1,74.0,1,2.5,ñkêº,8,1023.0,8,5.1,8,0.0,8,1,8,1,0.0,8,1,0.0,1.0,1,80.0,1,0.9,ñkñkêº,8,1024.0,8
17304,17304,2021-12-22,2,00:00:00,890,8.5,8,0.0,8,1,0,1,0.0,8,1,0.0,1.0,1,90,1,1.0,ìåìÏìå,8,1017.8,8,11.6,8,0.0,8,1,0,1,0.0,8,1,0.0,1.0,1,86.0,1,4.4,ñkñkêº,8,1017.5,8,7.1,8,0.0,8,1,8,1,0.0,8,1,0.0,1.0,1,93.0,1,1.5,ñk,8,1017.8,8
17472,17472,2021-12-29,2,00:00:00,990,5.7,8,0.0,8,1,0,1,0.0,8,1,0.0,1.0,1,72,1,2.1,ìåìÏìå,8,1024.7,8,6.1,8,0.0,8,1,0,1,0.0,8,1,0.0,1.0,1,76.0,1,3.4,ñkñkêº,8,1025.6,8,2.3,8,0.0,8,1,8,1,0.0,8,1,0.0,1.0,1,79.0,1,1.6,ñk,8,1026.0,8
17640,17640,2022-01-05,2,00:00:00,926,4.9,8,0.0,8,1,0,1,0.0,8,1,0.0,1.0,1,73,1,0.6,ìÏ,8,1025.4,8,5.7,8,0.0,8,1,0,1,0.0,8,1,0.0,1.0,1,73.0,1,3.8,ñkñkêº,8,1024.8,8,1.7,8,0.0,8,1,8,1,0.0,8,1,0.0,1.0,1,84.0,1,1.3,ñkñkêº,8,1025.8,8
17808,17808,2022-01-12,2,00:00:00,1047,4.2,8,0.0,8,1,0,1,0.0,8,1,0.0,1.0,1,46,1,4.8,ñkñkêº,8,1018.4,8,4.9,8,0.0,8,1,0,1,0.0,8,1,0.0,1.0,1,57.0,1,4.4,ñkñkêº,8,1017.4,8,2.2,8,0.0,8,1,8,1,0.0,8,1,0.0,1.0,1,49.0,1,1.0,ìåñkìå,8,1018.5,8
17976,17976,2022-01-19,2,00:00:00,1077,1.7,8,0.0,8,1,0,1,0.0,8,1,0.0,1.0,1,68,1,1.4,ìÏìÏìå,8,1024.6,8,4.0,8,0.0,8,1,0,1,0.0,8,1,0.0,1.0,1,63.0,1,4.1,ñkñkêº,8,1022.8,8,0.3,8,0.0,8,1,8,1,0.0,8,1,0.0,1.0,1,68.0,1,0.2,ê√â∏,8,1024.2,8
18144,18144,2022-01-26,2,00:00:00,924,9.0,8,0.0,8,1,0,1,0.0,8,1,0.0,1.0,1,67,1,1.5,ìÏìå,8,1020.7,8,8.3,8,0.0,8,1,0,1,0.0,8,1,0.0,1.0,1,66.0,1,2.7,ñkêº,8,1020.3,8,5.7,8,0.0,8,1,8,1,0.0,8,1,0.0,1.0,1,79.0,1,1.4,ñk,8,1021.1,8
18312,18312,2022-02-02,2,00:00:00,1012,5.8,8,0.0,8,1,0,1,0.0,8,1,0.0,1.0,1,51,1,2.9,ñkñkêº,8,1025.6,8,5.4,8,0.0,8,1,0,1,0.0,8,1,0.0,1.0,1,74.0,1,2.1,ñk,8,1025.3,8,1.9,8,0.0,8,1,8,1,0.0,8,1,0.0,1.0,1,74.0,1,0.8,ñkñkìå,8,1026.1,8
18480,18480,2022-02-09,2,00:00:00,1010,5.6,8,0.0,8,1,0,1,0.0,8,1,0.0,1.0,1,76,1,1.5,ìÏìå,8,1024.7,8,6.6,8,0.0,8,1,0,1,0.0,8,1,0.0,1.0,1,74.0,1,4.5,ñkñkêº,8,1021.2,8,3.0,8,0.0,8,1,8,1,0.0,8,1,0.0,1.0,1,79.0,1,1.9,ñk,8,1023.1,8
18648,18648,2022-02-16,2,00:00:00,972,4.8,8,0.0,8,1,0,1,0.0,8,1,0.0,1.0,1,46,1,4.3,êºñkêº,8,1020.3,8,7.2,8,0.0,8,1,0,1,0.0,8,1,0.0,1.0,1,52.0,1,4.8,ñkñkêº,8,1020.3,8,4.2,8,0.0,8,1,1,1,0.0,8,1,0.0,1.0,1,45.0,1,1.0,ìÏêº,8,1021.3,8
18984,18984,2022-03-02,2,00:00:00,855,11.8,8,0.0,8,1,0,1,0.0,8,1,0.0,1.0,1,78,1,2.9,ìÏêº,8,1015.4,8,12.4,8,0.0,8,1,0,1,0.0,8,1,0.0,1.0,1,85.0,1,1.1,ñk,8,1016.1,8,7.7,8,0.0,8,1,8,1,0.0,8,1,0.0,1.0,1,98.0,1,0.2,ê√â∏,8,1016.4,8
19152,19152,2022-03-09,2,00:00:00,906,8.1,8,0.0,8,1,0,1,0.0,8,1,0.0,1.0,1,55,1,1.0,ìÏìÏìå,8,1019.2,8,7.6,8,0.0,8,1,0,1,0.0,8,1,0.0,1.0,1,64.0,1,2.9,ñkñkêº,8,1019.2,8,5.8,8,0.0,8,1,8,1,0.0,8,1,0.0,1.0,1,66.0,1,1.4,ñk,8,1019.7,8
19320,19320,2022-03-16,2,00:00:00,754,11.7,8,0.0,8,1,0,1,0.0,8,1,0.0,1.0,1,77,1,1.1,ìÏìÏìå,8,1013.2,8,12.5,8,0.0,8,1,0,1,0.0,8,1,0.0,1.0,1,81.0,1,2.4,ñkñkêº,8,1014.6,8,12.6,8,0.0,8,1,8,1,0.0,8,1,0.0,1.0,1,64.0,1,1.3,ñkìå,8,1014.2,8
19488,19488,2022-03-23,2,00:00:00,820,9.6,8,0.0,8,1,0,1,0.0,8,1,0.0,1.0,1,70,1,1.7,ñkñkìå,8,1018.6,8,13.4,8,0.0,8,1,0,1,0.0,8,1,0.0,1.0,1,63.0,1,4.7,ñkìå,8,1016.3,8,9.6,8,0.0,8,1,8,1,0.0,8,1,0.0,1.0,1,65.0,1,1.9,ñkñkêº,8,1017.2,8
19656,19656,2022-03-30,2,00:00:00,770,13.3,8,0.0,8,1,0,1,0.0,8,1,0.0,1.0,1,77,1,1.1,ìåìÏìå,8,1023.7,8,14.8,8,0.0,8,1,0,1,0.0,8,1,0.0,1.0,1,86.0,1,3.4,ñkñkìå,8,1024.2,8,13.9,8,0.0,8,1,8,1,0.0,8,1,0.0,1.0,1,79.0,1,0.3,ñkñkìå,8,1023.8,8
19824,19824,2022-04-06,2,00:00:00,767,13.8,8,0.0,8,1,0,1,0.0,8,1,0.0,1.0,1,59,1,1.7,ìÏìå,8,1022.0,8,14.1,8,0.0,8,1,0,1,0.0,8,1,0.0,1.0,1,64.0,1,2.1,ñkñkêº,8,1021.8,8,13.9,8,0.0,8,1,8,1,0.0,8,1,0.0,1.0,1,57.0,1,0.4,ñk,8,1022.6,8
19992,19992,2022-04-13,2,00:00:00,734,18.3,8,0.0,8,1,0,1,0.0,8,1,0.0,1.0,1,88,1,1.1,ìÏìÏìå,8,1012.3,8,20.4,8,0.0,8,1,0,1,0.0,8,1,0.0,1.0,1,88.0,1,0.7,ìåñkìå,8,1012.9,8,18.1,8,0.0,8,1,8,1,0.0,8,1,0.0,1.0,1,87.0,1,1.3,êº,8,1012.8,8
20160,20160,2022-04-20,2,00:00:00,728,13.7,8,0.0,8,1,0,1,0.0,8,1,0.0,1.0,1,60,1,1.0,ìÏêº,8,1017.7,8,16.3,8,0.0,8,1,0,1,0.0,8,1,0.0,1.0,1,73.0,1,2.3,ñkñkêº,8,1017.6,8,13.7,8,0.0,8,1,8,1,0.0,8,1,0.0,1.0,1,64.0,1,0.4,ñkñkêº,8,1017.8,8
20328,20328,2022-04-27,2,00:00:00,761,21.2,8,0.0,8,1,0,1,0.5,8,1,0.0,1.0,1,96,1,2.8,ñkñkêº,8,1007.2,8,23.5,8,0.0,8,1,0,1,4.0,8,1,0.0,1.0,1,93.0,1,5.4,êº,8,1008.6,8,21.0,8,0.0,8,1,8,1,0.5,8,1,0.0,1.0,1,97.0,1,1.1,ìÏìÏêº,8,1008.4,8
20664,20664,2022-05-11,2,00:00:00,734,19.8,8,0.0,8,1,0,1,0.0,8,1,0.0,1.0,1,82,1,1.0,ìÏìÏìå,8,1014.7,8,21.0,8,0.0,8,1,0,1,0.0,8,1,0.0,1.0,1,84.0,1,3.8,ñkñkìå,8,1014.0,8,19.7,8,0.0,8,1,8,1,0.0,8,1,0.0,1.0,1,80.0,1,0.8,ñk,8,1014.7,8
20832,20832,2022-05-18,2,00:00:00,724,16.7,8,0.0,8,1,0,1,0.0,8,1,0.0,1.0,1,61,1,0.7,ìÏìå,8,1018.0,8,17.8,8,0.0,8,1,0,1,0.0,8,1,0.0,1.0,1,79.0,1,2.7,ñk,8,1017.9,8,16.7,8,0.0,8,1,8,1,0.0,8,1,0.0,1.0,1,72.0,1,0.5,ñkñkêº,8,1018.1,8
21000,21000,2022-05-25,2,00:00:00,754,21.7,8,0.0,8,1,0,1,0.0,8,1,0.0,1.0,1,79,1,0.6,ñk,8,1012.4,8,21.7,8,0.0,8,1,0,1,0.0,8,1,0.0,1.0,1,82.0,1,1.2,ìÏìÏìå,8,1013.1,8,21.9,8,0.0,8,1,8,1,0.0,8,1,0.0,1.0,1,77.0,1,1.2,êº,8,1013.2,8
21168,21168,2022-06-01,2,00:00:00,752,20.3,8,0.0,8,1,0,1,0.0,8,1,0.0,1.0,1,64,1,1.2,ñkêº,8,1010.2,8,20.3,8,0.0,8,1,0,1,0.0,8,1,0.0,1.0,1,77.0,1,3.1,ñkñkêº,8,1010.0,8,20.4,8,0.0,8,1,8,1,0.0,8,1,0.0,1.0,1,77.0,1,0.3,êºñkêº,8,1009.8,8
21336,21336,2022-06-08,2,00:00:00,746,19.3,8,0.0,8,1,0,1,0.0,8,1,0.0,1.0,1,69,1,2.5,ñkñkìå,8,1009.2,8,20.8,8,0.0,8,1,0,1,0.0,8,1,0.0,1.0,1,84.0,1,0.6,ñkñkìå,8,1008.1,8,19.4,8,0.0,8,1,8,1,0.0,8,1,0.0,1.0,1,78.0,1,0.6,ñkñkêº,8,1008.3,8
21504,21504,2022-06-15,2,00:00:00,769,23.3,8,0.0,8,1,0,1,0.0,8,1,0.0,1.0,1,79,1,1.5,ìÏ,8,1006.3,8,22.0,8,0.0,8,1,0,1,3.5,8,1,0.0,1.0,1,98.0,1,2.5,ìÏìÏìå,8,1008.7,8,21.0,8,0.0,8,1,8,1,0.0,8,1,0.0,1.0,1,95.0,1,2.2,ìåìÏìå,8,1006.8,8
21672,21672,2022-06-22,2,00:00:00,829,24.7,8,0.0,8,1,0,1,0.0,8,1,0.0,1.0,1,86,1,1.0,ìÏìÏìå,8,1006.0,8,24.5,8,0.0,8,1,0,1,0.0,8,1,0.0,1.0,1,83.0,1,2.3,ìÏìÏêº,8,1008.0,8,23.4,8,0.0,8,1,8,1,0.0,8,1,0.0,1.0,1,94.0,1,3.6,ìÏìÏêº,8,1006.8,8
21840,21840,2022-06-29,2,00:00:00,915,28.6,8,0.0,8,1,0,1,0.0,8,1,0.0,1.0,1,67,1,6.0,ìÏìÏìå,8,1009.9,8,26.9,8,0.0,8,1,0,1,0.0,8,1,0.0,1.0,1,90.0,1,2.4,ìÏìÏìå,8,1012.7,8,26.9,8,0.0,8,1,8,1,0.0,8,1,0.0,1.0,1,73.0,1,2.4,ìÏìå,8,1012.1,8
22008,22008,2022-07-06,2,00:00:00,896,27.2,8,0.0,8,1,0,1,0.0,8,1,0.0,1.0,1,85,1,1.2,ìÏìÏêº,8,1008.4,8,25.9,8,0.0,8,1,0,1,10.0,8,1,0.0,1.0,1,97.0,1,1.7,êº,8,1009.5,8,25.6,8,0.0,8,1,8,1,0.0,8,1,0.0,1.0,1,90.0,1,2.3,ìÏìÏêº,8,1009.5,8
22176,22176,2022-07-13,2,00:00:00,919,25.6,8,0.0,8,1,0,1,0.0,8,1,0.0,1.0,1,81,1,3.0,ñkñkìå,8,1008.6,8,27.6,8,0.0,8,1,0,1,0.0,8,1,0.0,1.0,1,87.0,1,1.6,ñkêº,8,1007.4,8,26.8,8,0.0,8,1,8,1,0.0,8,1,0.0,1.0,1,78.0,1,0.9,ñkñkìå,8,1007.7,8
22344,22344,2022-07-20,2,00:00:00,892,25.5,8,0.0,8,1,0,1,0.0,8,1,0.0,1.0,1,87,1,1.3,ìÏìÏìå,8,1007.1,8,29.0,8,0.0,8,1,0,1,0.0,8,1,0.0,1.0,1,84.0,1,6.2,êºìÏêº,8,1007.6,8,26.0,8,0.0,8,1,8,1,0.0,8,1,0.0,1.0,1,92.0,1,2.1,ìÏìÏêº,8,1007.9,8
22512,22512,2022-07-27,2,00:00:00,927,26.7,8,0.0,8,1,0,1,0.0,8,1,0.0,1.0,1,82,1,1.4,ìÏìÏêº,8,1009.2,8,28.1,8,0.0,8,1,0,1,0.0,8,1,0.0,1.0,1,78.0,1,2.0,ñkñkêº,8,1009.3,8,27.6,8,0.0,8,1,8,1,0.0,8,1,0.0,1.0,1,75.0,1,1.1,êºñkêº,8,1009.3,8
22680,22680,2022-08-03,2,00:00:00,989,29.3,8,0.0,8,1,0,1,0.0,8,1,0.0,1.0,1,75,1,1.1,ñk,8,1013.6,8,28.7,8,0.0,8,1,0,1,0.0,8,1,0.0,1.0,1,83.0,1,2.8,ìÏ,8,1014.4,8,28.3,8,0.0,8,1,8,1,0.0,8,1,0.0,1.0,1,79.0,1,1.9,ìÏêº,8,1014.2,8
22848,22848,2022-08-10,2,00:00:00,987,29.4,8,0.0,8,1,0,1,0.0,8,1,0.0,1.0,1,67,1,2.3,ìÏìå,8,1010.4,8,28.3,8,0.0,8,1,0,1,0.0,8,1,0.0,1.0,1,85.0,1,1.1,ìÏìÏìå,8,1011.1,8,28.5,8,0.0,8,1,8,1,0.0,8,1,0.0,1.0,1,74.0,1,1.2,êºìÏêº,8,1011.0,8
23016,23016,2022-08-17,2,00:00:00,859,27.6,8,0.0,8,1,0,1,0.0,8,1,0.0,1.0,1,88,1,2.4,ìÏìÏìå,8,1008.2,8,28.1,8,0.0,8,1,0,1,0.0,8,1,0.0,1.0,1,85.0,1,0.7,ñkêº,8,1010.1,8,26.5,8,0.0,8,1,8,1,3.0,8,1,0.0,1.0,1,90.0,1,1.6,ìÏ,8,1009.7,8
23184,23184,2022-08-24,2,00:00:00,943,28.5,8,0.0,8,1,0,1,0.0,8,1,0.0,1.0,1,75,1,1.2,ìÏìÏìå,8,1007.2,8,27.5,8,0.0,8,1,0,1,0.0,8,1,0.0,1.0,1,85.0,1,2.1,ñkñkêº,8,1007.6,8,27.2,8,0.0,8,1,8,1,0.0,8,1,0.0,1.0,1,80.0,1,0.1,ê√â∏,8,1007.7,8
23352,23352,2022-08-31,2,00:00:00,928,28.5,8,0.0,8,1,0,1,0.0,8,1,0.0,1.0,1,69,1,1.2,ìÏìå,8,1007.7,8,28.6,8,0.0,8,1,0,1,0.0,8,1,0.0,1.0,1,78.0,1,2.8,ñkñkìå,8,1008.3,8,27.6,8,0.0,8,1,8,1,0.0,8,1,0.0,1.0,1,75.0,1,1.4,ìÏêº,8,1008.3,8
23520,23520,2022-09-07,2,00:00:00,798,22.2,8,0.0,8,1,0,1,0.0,8,1,0.0,1.0,1,87,1,1.2,ìÏêº,8,1012.5,8,23.8,8,0.0,8,1,0,1,0.0,8,1,0.0,1.0,1,82.0,1,3.3,ñkêº,8,1011.0,8,22.7,8,0.0,8,1,8,1,0.0,8,1,0.0,1.0,1,86.0,1,1.3,ñkñkìå,8,1012.3,8
23688,23688,2022-09-14,2,00:00:00,917,27.6,8,0.0,8,1,0,1,0.0,8,1,0.0,1.0,1,79,1,3.1,ñkìå,8,1012.1,8,28.6,8,0.0,8,1,0,1,0.0,8,1,0.0,1.0,1,76.0,1,4.8,ìåñkìå,8,1010.0,8,28.2,8,0.0,8,1,8,1,0.0,8,1,0.0,1.0,1,70.0,1,2.7,ñkñkìå,8,1011.0,8
23856,23856,2022-09-21,2,00:00:00,730,19.2,8,0.0,8,1,0,1,0.0,8,1,0.0,1.0,1,60,1,4.3,ñkñkìå,8,1014.1,8,21.5,8,0.0,8,1,0,1,0.0,8,1,0.0,1.0,1,75.0,1,2.8,ñkñkêº,8,1009.6,8,17.5,8,0.0,8,1,8,1,0.0,8,1,0.0,1.0,1,70.0,1,1.9,ñk,8,1012.2,8
24024,24024,2022-09-28,2,00:00:00,768,21.6,8,0.0,8,1,0,1,0.0,8,1,0.0,1.0,1,79,1,1.6,ñk,8,1013.0,8,23.8,8,0.0,8,1,0,1,0.0,8,1,0.0,1.0,1,89.0,1,2.8,ñkñkêº,8,1011.1,8,21.7,8,0.0,8,1,8,1,0.0,8,1,0.0,1.0,1,89.0,1,1.2,ñk,8,1011.9,8
24192,24192,2022-10-05,2,00:00:00,807,21.4,8,0.0,8,1,0,1,0.0,8,1,0.0,1.0,1,87,1,5.2,ñkñkìå,8,1014.4,8,26.0,8,0.0,8,1,0,1,0.0,8,1,0.0,1.0,1,86.0,1,1.9,êºìÏêº,8,1013.0,8,23.7,8,0.0,8,1,8,1,0.0,8,1,0.0,1.0,1,90.0,1,1.1,ìåñkìå,8,1013.2,8
24360,24360,2022-10-12,2,00:00:00,723,14.9,8,0.0,8,1,0,1,0.0,8,1,0.0,1.0,1,75,1,1.2,ìÏìÏêº,8,1022.4,8,18.1,8,0.0,8,1,0,1,0.0,8,1,0.0,1.0,1,67.0,1,3.2,ñkñkêº,8,1019.7,8,14.4,8,0.0,8,1,8,1,0.0,8,1,0.0,1.0,1,76.0,1,1.9,ñkñkìå,8,1021.4,8
24528,24528,2022-10-19,2,00:00:00,724,15.7,8,0.0,8,1,0,1,0.0,8,1,0.0,1.0,1,63,1,1.2,ìÏ,8,1020.3,8,16.9,8,0.0,8,1,0,1,0.0,8,1,0.0,1.0,1,58.0,1,4.7,ñkñkêº,8,1018.0,8,12.1,8,0.0,8,1,8,1,0.0,8,1,0.0,1.0,1,78.0,1,1.6,ñk,8,1020.1,8
24696,24696,2022-10-26,2,00:00:00,734,12.6,8,0.0,8,1,0,1,0.0,8,1,0.0,1.0,1,78,1,1.9,ìÏ,8,1026.7,8,15.2,8,0.0,8,1,0,1,0.0,8,1,0.0,1.0,1,62.0,1,1.9,ñkêº,8,1024.1,8,13.0,8,0.0,8,1,8,1,0.0,8,1,0.0,1.0,1,72.0,1,3.1,ñk,8,1025.5,8
24864,24864,2022-11-02,2,00:00:00,741,15.2,8,0.0,8,1,0,1,0.0,8,1,0.0,1.0,1,83,1,0.4,ñkìå,8,1019.0,8,18.4,8,0.0,8,1,0,1,0.0,8,1,0.0,1.0,1,83.0,1,1.8,ñkêº,8,1016.5,8,15.8,8,0.0,8,1,8,1,0.0,8,1,0.0,1.0,1,68.0,1,2.4,ñk,8,1018.0,8
25032,25032,2022-11-09,2,00:00:00,751,13.3,8,0.0,8,1,0,1,0.0,8,1,0.0,1.0,1,73,1,2.6,ìÏìå,8,1025.3,8,14.4,8,0.0,8,1,0,1,0.0,8,1,0.0,1.0,1,66.0,1,3.9,ñk,8,1024.3,8,11.1,8,0.0,8,1,8,1,0.0,8,1,0.0,1.0,1,80.0,1,1.2,ñk,8,1025.4,8
25200,25200,2022-11-16,2,00:00:00,751,11.7,8,0.0,8,1,0,1,0.0,8,1,0.0,1.0,1,68,1,1.4,ìÏìå,8,1018.5,8,12.1,8,0.0,8,1,0,1,0.0,8,1,0.0,1.0,1,76.0,1,3.5,ñkñkêº,8,1018.1,8,9.8,8,0.0,8,1,8,1,0.0,8,1,0.0,1.0,1,76.0,1,0.7,ñkñkìå,8,1019.4,8
25536,25536,2022-11-30,2,00:00:00,748,15.7,8,0.0,8,1,0,1,0.0,8,1,0.0,1.0,1,85,1,5.7,ñkñkêº,8,1016.6,8,19.5,8,0.0,8,1,0,1,0.0,8,1,0.0,1.0,1,90.0,1,3.7,êºñkêº,8,1013.7,8,15.9,8,0.0,8,1,8,1,0.0,8,1,0.0,1.0,1,85.0,1,2.6,ñkñkêº,8,1014.1,8
25704,25704,2022-12-07,2,00:00:00,917,6.6,8,0.0,8,1,0,1,0.0,8,1,0.0,1.0,1,68,1,1.7,ìÏ,8,1023.2,8,5.9,8,0.0,8,1,0,1,0.0,8,1,0.0,1.0,1,77.0,1,0.8,ñkñkêº,8,1024.3,8,2.8,8,0.0,8,1,8,1,0.0,8,1,0.0,1.0,1,82.0,1,0.7,ñk,8,1024.6,8
25872,25872,2022-12-14,2,00:00:00,857,11.6,8,0.0,8,1,0,1,0.0,8,1,0.0,1.0,1,60,1,5.2,êº,8,1019.2,8,8.6,8,0.0,8,1,0,1,0.0,8,1,0.0,1.0,1,81.0,1,3.9,ñkñkêº,8,1020.4,8,8.1,8,0.0,8,1,8,1,0.0,8,1,0.0,1.0,1,74.0,1,1.5,ìÏìÏìå,8,1020.3,8
26040,26040,2022-12-21,2,00:00:00,1037,4.3,8,0.0,8,1,0,1,0.0,8,1,0.0,1.0,1,74,1,2.9,ìåìÏìå,8,1020.2,8,6.6,8,0.0,8,1,0,1,0.0,8,1,0.0,1.0,1,78.0,1,4.4,ñk,8,1021.1,8,2.0,8,0.0,8,1,8,1,0.0,8,1,0.0,1.0,1,79.0,1,0.8,ñkñkìå,8,1021.8,8
26208,26208,2022-12-28,2,00:00:00,995,3.1,8,0.0,8,1,0,1,0.0,8,1,0.0,1.0,1,85,1,1.4,ìåìÏìå,8,1026.6,8,5.2,8,0.0,8,1,0,1,0.0,8,1,0.0,1.0,1,76.0,1,3.6,ñkñkêº,8,1025.7,8,2.4,8,0.0,8,1,8,1,0.0,8,1,0.0,1.0,1,84.0,1,0.5,ñkìå,8,1027.6,8
26376,26376,2023-01-04,2,00:00:00,910,3.4,8,0.0,8,1,0,1,0.0,8,1,0.0,1.0,1,68,1,1.9,ìÏìÏìå,8,1026.4,8,4.2,8,0.0,8,1,0,1,0.0,8,1,0.0,1.0,1,69.0,1,3.5,ñkñkêº,8,1026.4,8,0.3,8,0.0,8,1,8,1,0.0,8,1,0.0,1.0,1,72.0,1,0.9,ñkñkìå,8,1027.7,8
26544,26544,2023-01-11,2,00:00:00,942,5.0,8,0.0,8,1,0,1,0.0,8,1,0.0,1.0,1,68,1,1.2,ìÏìå,8,1026.4,8,7.7,8,0.0,8,1,0,1,0.0,8,1,0.0,1.0,1,80.0,1,3.0,ñkñkêº,8,1026.2,8,4.4,8,0.0,8,1,8,1,0.0,8,1,0.0,1.0,1,74.0,1,0.1,ê√â∏,8,1026.7,8
26712,26712,2023-01-18,2,00:00:00,922,6.7,8,0.0,8,1,0,1,0.0,8,1,0.0,1.0,1,66,1,2.3,ìÏêº,8,1023.5,8,7.0,8,0.0,8,1,0,1,0.0,8,1,0.0,1.0,1,88.0,1,1.7,ñkñkêº,8,1022.9,8,6.4,8,0.0,8,1,8,1,0.0,8,1,0.0,1.0,1,75.0,1,1.9,ñkñkêº,8,1023.5,8
26880,26880,2023-01-25,2,00:00:00,1199,-1.8,8,0.0,8,1,0,1,0.0,8,1,0.0,1.0,1,47,1,7.9,ñkñkêº,8,1025.8,8,-2.2,8,0.0,8,1,0,1,0.5,8,1,0.0,1.0,1,86.0,1,3.4,ñkñkêº,8,1025.2,8,-4.1,8,0.0,8,1,8,1,0.0,8,1,0.0,1.0,1,65.0,1,0.7,ñkñkìå,8,1026.7,8
27048,27048,2023-02-01,2,00:00:00,1026,5.7,8,0.0,8,1,0,1,0.0,8,1,0.0,1.0,1,69,1,1.5,ìÏìÏìå,8,1018.8,8,6.5,8,0.0,8,1,0,1,0.0,8,1,0.0,1.0,1,82.0,1,3.3,ñkñkêº,8,1019.8,8,2.1,8,0.0,8,1,8,1,0.0,8,1,0.0,1.0,1,80.0,1,1.1,ñkñkìå,8,1019.7,8
27216,27216,2023-02-08,2,00:00:00,920,7.1,8,0.0,8,1,0,1,0.0,8,1,0.0,1.0,1,95,1,1.0,ìÏìÏêº,8,1019.8,8,11.7,8,0.0,8,1,0,1,0.0,8,1,0.0,1.0,1,95.0,1,1.6,ñkñkêº,8,1017.1,8,7.1,8,0.0,8,1,8,1,0.0,8,1,0.0,1.0,1,92.0,1,2.4,ñkñkìå,8,1018.5,8
27384,27384,2023-02-15,2,00:00:00,914,5.7,8,0.0,8,1,0,1,0.0,8,1,0.0,1.0,1,75,1,4.1,ìåñkìå,8,1022.6,8,6.9,8,0.0,8,1,0,1,0.0,8,1,0.0,1.0,1,65.0,1,3.6,ñkêº,8,1020.1,8,4.4,8,0.0,8,1,8,1,0.0,8,1,0.0,1.0,1,76.0,1,1.6,ñk,8,1021.5,8
27552,27552,2023-02-22,2,00:00:00,953,4.4,8,0.0,8,1,0,1,0.0,8,1,0.0,1.0,1,54,1,3.4,ìåñkìå,8,1032.9,8,8.3,8,0.0,8,1,0,1,0.0,8,1,0.0,1.0,1,53.0,1,5.5,ñkìå,8,1029.5,8,3.6,8,0.0,8,1,8,1,0.0,8,1,0.0,1.0,1,62.0,1,1.8,ñk,8,1031.6,8
27720,27720,2023-03-01,2,00:00:00,825,12.5,8,0.0,8,1,0,1,0.0,8,1,0.0,1.0,1,67,1,1.6,ìÏìÏìå,8,1025.1,8,10.3,8,0.0,8,1,0,1,0.0,8,1,0.0,1.0,1,81.0,1,3.3,ñk,8,1026.8,8,8.8,8,0.0,8,1,8,1,0.0,8,1,0.0,1.0,1,74.0,1,1.0,ñk,8,1026.7,8
27888,27888,2023-03-08,2,00:00:00,806,11.5,8,0.0,8,1,0,1,0.0,8,1,0.0,1.0,1,74,1,2.4,ìÏìå,8,1024.0,8,10.2,8,0.0,8,1,0,1,0.0,8,1,0.0,1.0,1,81.0,1,3.1,ñkñkêº,8,1024.7,8,8.4,8,0.0,8,1,8,1,0.0,8,1,0.0,1.0,1,76.0,1,0.2,ê√â∏,8,1025.2,8
28056,28056,2023-03-15,2,00:00:00,827,10.7,8,0.0,8,1,0,1,0.0,8,1,0.0,1.0,1,55,1,2.8,ìÏìÏìå,8,1022.2,8,11.2,8,0.0,8,1,0,1,0.0,8,1,0.0,1.0,1,74.0,1,3.4,ñk,8,1022.8,8,8.3,8,0.0,8,1,8,1,0.0,8,1,0.0,1.0,1,69.0,1,1.3,ñkñkìå,8,1023.1,8
28224,28224,2023-03-22,2,00:00:00,753,15.9,8,0.0,8,1,0,1,0.0,8,1,0.0,1.0,1,81,1,2.0,ìåìÏìå,8,1010.2,8,19.0,8,0.0,8,1,0,1,0.0,8,1,0.0,1.0,1,81.0,1,3.3,ñkìå,8,1010.7,8,15.8,8,0.0,8,1,8,1,0.0,8,1,0.0,1.0,1,81.0,1,0.9,ñk,8,1010.3,8
28392,28392,2023-03-29,2,00:00:00,785,9.8,8,0.0,8,1,0,1,0.0,8,1,0.0,1.0,1,58,1,0.6,ìåìÏìå,8,1023.5,8,12.1,8,0.0,8,1,0,1,0.0,8,1,0.0,1.0,1,60.0,1,3.8,ñkñkêº,8,1022.9,8,9.8,8,0.0,8,1,8,1,0.0,8,1,0.0,1.0,1,57.0,1,0.3,ñkñkìå,8,1023.4,8
28560,28560,2023-04-05,2,00:00:00,730,18.4,8,0.0,8,1,0,1,0.0,8,1,0.0,1.0,1,57,1,0.7,ìÏìÏìå,8,1020.0,8,18.7,8,0.0,8,1,0,1,0.0,8,1,0.0,1.0,1,71.0,1,4.2,ìÏìå,8,1020.3,8,17.4,8,0.0,8,1,8,1,0.0,8,1,0.0,1.0,1,60.0,1,1.9,ñk,8,1020.0,8
28728,28728,2023-04-12,2,00:00:00,734,19.9,8,0.0,8,1,0,1,0.0,8,1,0.0,1.0,1,67,1,2.0,ìÏ,8,1014.4,8,18.9,8,0.0,8,1,0,1,0.0,8,1,0.0,1.0,1,87.0,1,1.8,ìÏìå,8,1016.3,8,16.9,8,0.0,8,1,8,1,0.0,8,1,0.0,1.0,1,77.0,1,0.4,ñkìå,8,1015.7,8
28896,28896,2023-04-19,2,00:00:00,740,22.4,8,0.0,8,1,0,1,0.0,8,1,0.0,1.0,1,66,1,3.5,ìÏìÏêº,8,1012.9,8,19.7,8,0.0,8,1,0,1,0.0,8,1,0.0,1.0,1,90.0,1,2.4,ñk,8,1014.7,8,18.7,8,0.0,8,1,8,1,0.0,8,1,0.0,1.0,1,84.0,1,1.2,ìÏ,8,1014.4,8
29064,29064,2023-04-26,2,00:00:00,757,13.9,8,0.0,8,1,0,1,1.5,8,1,0.0,1.0,1,97,1,2.6,ñkêº,8,1009.9,8,18.6,8,0.0,8,1,0,1,0.5,8,1,0.0,1.0,1,93.0,1,1.7,êºñkêº,8,1008.7,8,15.3,8,0.0,8,1,8,1,3.0,8,1,0.0,1.0,1,96.0,1,2.8,ñkêº,8,1008.3,8
29400,29400,2023-05-10,2,00:00:00,717,12.8,8,0.0,8,1,0,1,0.0,8,1,0.0,1.0,1,56,1,0.4,ìÏ,8,1016.0,8,16.2,8,0.0,8,1,0,1,0.0,8,1,0.0,1.0,1,74.0,1,2.4,ñk,8,1016.0,8,14.7,8,0.0,8,1,8,1,0.0,8,1,0.0,1.0,1,71.0,1,1.2,ìÏìÏêº,8,1016.0,8
29568,29568,2023-05-17,2,00:00:00,738,21.5,8,0.0,8,1,0,1,0.0,8,1,0.0,1.0,1,80,1,1.4,ìÏìå,8,1016.0,8,20.0,8,0.0,8,1,0,1,0.0,8,1,0.0,1.0,1,94.0,1,3.8,ñkñkêº,8,1016.6,8,20.2,8,0.0,8,1,8,1,0.0,8,1,0.0,1.0,1,85.0,1,1.6,ìÏìÏêº,8,1016.8,8
29736,29736,2023-05-24,2,00:00:00,719,16.4,8,0.0,8,1,0,1,0.0,8,1,0.0,1.0,1,76,1,1.0,êºìÏêº,8,1013.2,8,17.7,8,0.0,8,1,0,1,0.0,8,1,0.0,1.0,1,61.0,1,4.0,ñkñkêº,8,1011.5,8,15.7,8,0.0,8,1,8,1,0.0,8,1,0.0,1.0,1,64.0,1,1.4,ñkñkêº,8,1012.9,8
29904,29904,2023-05-31,2,00:00:00,780,19.6,8,0.0,8,1,0,1,2.5,8,1,0.0,1.0,1,98,1,2.3,ñkêº,8,1009.8,8,25.7,8,0.0,8,1,0,1,0.0,8,1,0.0,1.0,1,89.0,1,0.6,ìåìÏìå,8,1007.8,8,22.0,8,0.0,8,1,8,1,0.5,8,1,0.0,1.0,1,97.0,1,1.4,ñkñkêº,8,1007.8,8
30072,30072,2023-06-07,2,00:00:00,736,19.8,8,0.0,8,1,0,1,0.0,8,1,0.0,1.0,1,84,1,2.3,êºñkêº,8,1009.0,8,20.5,8,0.0,8,1,0,1,0.0,8,1,0.0,1.0,1,94.0,1,2.1,êºñkêº,8,1008.5,8,18.9,8,0.0,8,1,8,1,0.0,8,1,0.0,1.0,1,96.0,1,0.3,ìåñkìå,8,1009.0,8
30240,30240,2023-06-14,2,00:00:00,801,23.4,8,0.0,8,1,0,1,0.0,8,1,0.0,1.0,1,82,1,0.5,ìÏìå,8,1004.0,8,23.7,8,0.0,8,1,0,1,0.0,8,1,0.0,1.0,1,91.0,1,3.8,ñkñkìå,8,1002.9,8,23.4,8,0.0,8,1,8,1,0.0,8,1,0.0,1.0,1,87.0,1,1.2,ìåñkìå,8,1003.8,8
30408,30408,2023-06-21,2,00:00:00,829,26.8,8,0.0,8,1,0,1,0.0,8,1,0.0,1.0,1,64,1,1.4,ìÏìÏìå,8,1005.1,8,25.7,8,0.0,8,1,0,1,0.0,8,1,0.0,1.0,1,72.0,1,4.2,ìÏìå,8,1006.6,8,25.9,8,0.0,8,1,8,1,0.0,8,1,0.0,1.0,1,58.0,1,0.7,ñkñkìå,8,1005.3,8
30576,30576,2023-06-28,2,00:00:00,878,28.1,8,0.0,8,1,0,1,0.0,8,1,0.0,1.0,1,68,1,2.1,ìÏìÏêº,8,1013.9,8,26.7,8,0.0,8,1,0,1,0.0,8,1,0.0,1.0,1,87.0,1,1.5,ìÏ,8,1015.1,8,26.1,8,0.0,8,1,8,1,0.0,8,1,0.0,1.0,1,83.0,1,1.5,êºìÏêº,8,1014.6,8
30744,30744,2023-07-05,2,00:00:00,860,27.3,8,0.0,8,1,0,1,0.0,8,1,0.0,1.0,1,86,1,2.3,ìåìÏìå,8,1000.4,8,25.8,8,0.0,8,1,0,1,0.0,8,1,0.0,1.0,1,99.0,1,0.5,ìÏìå,8,1003.1,8,26.1,8,0.0,8,1,8,1,0.0,8,1,0.0,1.0,1,94.0,1,1.8,ìÏìÏìå,8,1002.0,8
30912,30912,2023-07-12,2,00:00:00,923,29.6,8,0.0,8,1,0,1,0.0,8,1,0.0,1.0,1,72,1,3.0,ìÏ,8,1008.9,8,27.5,8,0.0,8,1,0,1,0.0,8,1,0.0,1.0,1,86.0,1,1.9,ìÏìÏìå,8,1011.4,8,27.3,8,0.0,8,1,8,1,0.0,8,1,0.0,1.0,1,85.0,1,2.3,ìÏìÏêº,8,1010.6,8
31080,31080,2023-07-19,2,00:00:00,956,28.8,8,0.0,8,1,0,1,0.0,8,1,0.0,1.0,1,70,1,4.8,ìÏ,8,1008.8,8,27.4,8,0.0,8,1,0,1,3.5,8,1,0.0,1.0,1,91.0,1,3.6,ìÏêº,8,1011.5,8,26.2,8,0.0,8,1,8,1,3.0,8,1,0.0,1.0,1,89.0,1,1.7,ìÏìÏêº,8,1010.5,8
31248,31248,2023-07-26,2,00:00:00,897,26.5,8,0.0,8,1,0,1,0.0,8,1,0.0,1.0,1,84,1,1.6,ìÏìå,8,1015.9,8,28.5,8,0.0,8,1,0,1,0.0,8,1,0.0,1.0,1,81.0,1,2.6,ñkñkìå,8,1015.5,8,25.1,8,0.0,8,1,8,1,0.0,8,1,0.0,1.0,1,87.0,1,0.8,ñkñkìå,8,1016.1,8
31416,31416,2023-08-02,2,00:00:00,965,30.2,8,0.0,8,1,0,1,0.0,8,1,0.0,1.0,1,61,1,1.7,ìÏìÏìå,8,1009.2,8,29.0,8,0.0,8,1,0,1,0.0,8,1,0.0,1.0,1,79.0,1,5.1,ìå,8,1008.3,8,28.9,8,0.0,8,1,8,1,0.0,8,1,0.0,1.0,1,68.0,1,1.6,ñkñkìå,8,1008.9,8
31584,31584,2023-08-09,2,00:00:00,953,30.5,8,0.0,8,1,0,1,0.0,8,1,0.0,1.0,1,64,1,6.6,ìåñkìå,8,996.7,8,28.6,8,0.0,8,1,0,1,2.5,8,1,0.0,1.0,1,84.0,1,11.2,ìå,8,987.7,8,29.9,8,0.0,8,1,8,1,0.0,8,1,0.0,1.0,1,67.0,1,4.4,ñkìå,8,993.6,8
31752,31752,2023-08-16,2,00:00:00,812,26.1,8,0.0,8,1,0,1,0.0,8,1,0.0,1.0,1,89,1,4.3,ñk,8,1003.8,8,28.0,8,0.0,8,1,0,1,0.0,8,1,0.0,1.0,1,85.0,1,1.6,ìåìÏìå,8,1002.1,8,26.0,8,0.0,8,1,8,1,0.0,8,1,0.0,1.0,1,82.0,1,1.7,ñk,8,1002.7,8
31920,31920,2023-08-23,2,00:00:00,999,29.2,8,0.0,8,1,0,1,0.0,8,1,0.0,1.0,1,80,1,1.0,ñkñkêº,8,1007.1,8,28.1,8,0.0,8,1,0,1,0.0,8,1,0.0,1.0,1,88.0,1,1.5,ñkñkêº,8,1007.0,8,27.8,8,0.0,8,1,8,1,0.0,8,1,0.0,1.0,1,79.0,1,1.1,êº,8,1007.4,8
32088,32088,2023-08-30,2,00:00:00,961,29.1,8,0.0,8,1,0,1,0.0,8,1,0.0,1.0,1,70,1,1.7,ìÏìå,8,1010.7,8,28.4,8,0.0,8,1,0,1,0.0,8,1,0.0,1.0,1,75.0,1,3.0,ñkìå,8,1010.6,8,27.3,8,0.0,8,1,8,1,0.0,8,1,0.0,1.0,1,75.0,1,1.7,ñkêº,8,1010.9,8
32256,32256,2023-09-06,2,00:00:00,871,24.8,8,0.0,8,1,0,1,0.0,8,1,0.0,1.0,1,88,1,2.9,ñkìå,8,1007.6,8,28.1,8,0.0,8,1,0,1,0.0,8,1,0.0,1.0,1,72.0,1,3.3,ñk,8,1005.9,8,26.9,8,0.0,8,1,8,1,0.0,8,1,0.0,1.0,1,73.0,1,1.5,ñkñkìå,8,1006.2,8
32424,32424,2023-09-13,2,00:00:00,890,27.2,8,0.0,8,1,0,1,0.0,8,1,0.0,1.0,1,76,1,1.9,ìÏìå,8,1010.9,8,26.7,8,0.0,8,1,0,1,0.0,8,1,0.0,1.0,1,83.0,1,2.7,ñkñkìå,8,1010.9,8,25.8,8,0.0,8,1,8,1,0.0,8,1,0.0,1.0,1,76.0,1,1.3,êº,8,1011.2,8
32592,32592,2023-09-20,2,00:00:00,889,25.8,8,0.0,8,1,0,1,0.0,8,1,0.0,1.0,1,83,1,1.1,ìÏ,8,1014.3,8,26.3,8,0.0,8,1,0,1,0.0,8,1,0.0,1.0,1,89.0,1,1.3,ñkñkêº,8,1015.2,8,26.2,8,0.0,8,1,8,1,0.0,8,1,0.0,1.0,1,83.0,1,0.3,ìå,8,1014.7,8
32760,32760,2023-09-27,2,00:00:00,868,25.4,8,0.0,8,1,0,1,0.0,8,1,0.0,1.0,1,90,1,1.1,ìÏìÏìå,8,1013.0,8,26.7,8,0.0,8,1,0,1,0.0,8,1,0.0,1.0,1,77.0,1,1.9,ñkñkìå,8,1013.6,8,26.3,8,0.0,8,1,8,1,0.0,8,1,0.0,1.0,1,78.0,1,0.4,ñkêº,8,1013.4,8
32928,32928,2023-10-04,2,00:00:00,762,21.4,8,0.0,8,1,0,1,0.0,8,1,0.0,1.0,1,74,1,1.4,ìÏ,8,1014.3,8,24.7,8,0.0,8,1,0,1,0.0,8,1,0.0,1.0,1,69.0,1,1.7,ìåñkìå,8,1013.0,8,22.8,8,0.0,8,1,8,1,0.0,8,1,0.0,1.0,1,66.0,1,1.8,êº,8,1013.7,8
33096,33096,2023-10-11,2,00:00:00,739,20.1,8,0.0,8,1,0,1,0.0,8,1,0.0,1.0,1,60,1,1.7,ñkìå,8,1020.4,8,20.4,8,0.0,8,1,0,1,0.0,8,1,0.0,1.0,1,66.0,1,3.4,ñk,8,1017.5,8,19.0,8,0.0,8,1,8,1,0.0,8,1,0.0,1.0,1,64.0,1,1.8,ñkñkìå,8,1019.4,8
33264,33264,2023-10-18,2,00:00:00,722,17.3,8,0.0,8,1,0,1,0.0,8,1,0.0,1.0,1,82,1,0.9,ìÏìÏìå,8,1020.5,8,16.8,8,0.0,8,1,0,1,0.0,8,1,0.0,1.0,1,83.0,1,3.4,ñkñkêº,8,1020.0,8,15.8,8,0.0,8,1,8,1,0.0,8,1,0.0,1.0,1,80.0,1,0.2,ê√â∏,8,1020.5,8
33432,33432,2023-10-25,2,00:00:00,720,14.5,8,0.0,8,1,0,1,0.0,8,1,0.0,1.0,1,77,1,0.9,ìÏìÏìå,8,1019.2,8,15.9,8,0.0,8,1,0,1,0.0,8,1,0.0,1.0,1,77.0,1,3.8,ñkñkêº,8,1019.0,8,13.2,8,0.0,8,1,8,1,0.0,8,1,0.0,1.0,1,80.0,1,1.0,ñkñkìå,8,1019.7,8
33600,33600,2023-11-01,2,00:00:00,717,15.1,8,0.0,8,1,0,1,0.0,8,1,0.0,1.0,1,74,1,2.9,ìÏìå,8,1022.6,8,15.3,8,0.0,8,1,0,1,0.0,8,1,0.0,1.0,1,66.0,1,4.5,ñkñkêº,8,1022.8,8,12.3,8,0.0,8,1,8,1,0.0,8,1,0.0,1.0,1,82.0,1,0.9,ñkñkìå,8,1023.5,8
33768,33768,2023-11-08,2,00:00:00,731,12.8,8,0.0,8,1,0,1,0.0,8,1,0.0,1.0,1,77,1,0.7,ìÏìå,8,1021.4,8,14.4,8,0.0,8,1,0,1,0.0,8,1,0.0,1.0,1,78.0,1,2.4,ñkñkêº,8,1019.8,8,10.4,8,0.0,8,1,8,1,0.0,8,1,0.0,1.0,1,88.0,1,0.5,ñkñkìå,8,1021.5,8
33936,33936,2023-11-15,2,00:00:00,801,12.5,8,0.0,8,1,0,1,0.0,8,1,0.0,1.0,1,63,1,1.3,ìÏìÏêº,8,1025.3,8,12.7,8,0.0,8,1,0,1,0.0,8,1,0.0,1.0,1,69.0,1,2.3,ñkêº,8,1024.9,8,9.5,8,0.0,8,1,8,1,0.0,8,1,0.0,1.0,1,81.0,1,0.9,ñkêº,8,1025.5,8
34104,34104,2023-11-22,2,00:00:00,783,12.5,8,0.0,8,1,0,1,0.0,8,1,0.0,1.0,1,84,1,2.9,ìÏìÏìå,8,1020.9,8,13.4,8,0.0,8,1,0,1,0.0,8,1,0.0,1.0,1,85.0,1,3.8,ñkñkêº,8,1020.7,8,10.5,8,0.0,8,1,8,1,0.0,8,1,0.0,1.0,1,90.0,1,0.7,ñkñkìå,8,1021.8,8
34272,34272,2023-11-29,2,00:00:00,830,10.6,8,0.0,8,1,0,1,0.0,8,1,0.0,1.0,1,59,1,3.1,ìÏìÏêº,8,1022.8,8,10.4,8,0.0,8,1,0,1,0.0,8,1,0.0,1.0,1,77.0,1,1.8,ñkñkêº,8,1023.2,8,7.6,8,0.0,8,1,8,1,0.0,8,1,0.0,1.0,1,82.0,1,0.6,ñkñkêº,8,1023.7,8
34440,34440,2023-12-06,2,00:00:00,870,9.0,8,0.0,8,1,0,1,0.0,8,1,0.0,1.0,1,86,1,1.3,ìÏìå,8,1015.7,8,9.5,8,0.0,8,1,0,1,0.0,8,1,0.0,1.0,1,89.0,1,3.3,ñk,8,1015.7,8,7.9,8,0.0,8,1,1,1,0.0,8,1,0.0,1.0,1,93.0,1,0.6,êºñkêº,8,1016.1,8
34608,34608,2023-12-13,2,00:00:00,811,13.2,8,0.0,8,1,0,1,0.0,8,1,0.0,1.0,1,84,1,2.9,ñk,8,1023.6,8,13.5,8,0.0,8,1,0,1,0.0,8,1,0.0,1.0,1,83.0,1,3.1,ñkêº,8,1020.2,8,11.8,8,0.0,8,1,8,1,0.0,8,1,0.0,1.0,1,81.0,1,1.4,ñk,8,1022.5,8
34776,34776,2023-12-20,2,00:00:00,958,6.8,8,0.0,8,1,0,1,0.0,8,1,0.0,1.0,1,91,1,1.5,ìÏìå,8,1023.4,8,8.0,8,0.0,8,1,0,1,0.0,8,1,0.0,1.0,1,91.0,1,2.4,ñkñkêº,8,1022.4,8,5.0,8,0.0,8,1,8,1,0.0,8,1,0.0,1.0,1,97.0,1,1.8,ìåñkìå,8,1023.6,8
34944,34944,2023-12-27,2,00:00:00,981,6.9,8,0.0,8,1,0,1,0.0,8,1,0.0,1.0,1,76,1,1.9,ìÏìÏìå,8,1029.9,8,6.8,8,0.0,8,1,0,1,0.0,8,1,0.0,1.0,1,75.0,1,3.1,ñkêº,8,1029.8,8,3.7,8,0.0,8,1,8,1,0.0,8,1,0.0,1.0,1,85.0,1,1.6,ñkñkìå,8,1030.7,8
35112,35112,2024-01-03,2,00:00:00,757,10.3,8,0.0,8,1,0,1,0.0,8,1,0.0,1.0,1,75,1,0.8,ìå,8,1018.8,8,8.9,8,0.0,8,1,0,1,0.0,8,1,0.0,1.0,1,83.0,1,3.9,ñkñkêº,8,1018.7,8,5.9,8,0.0,8,1,8,1,0.0,8,1,0.0,1.0,1,84.0,1,0.8,ñkìå,8,1019.8,8
35280,35280,2024-01-10,2,00:00:00,921,9.7,8,0.0,8,1,0,1,0.0,8,1,0.0,1.0,1,61,1,2.5,ìÏìÏìå,8,1015.2,8,9.2,8,0.0,8,1,0,1,0.5,8,1,0.0,1.0,1,86.0,1,3.1,ñk,8,1016.5,8,7.8,8,0.0,8,1,8,1,0.0,8,1,0.0,1.0,1,72.0,1,1.4,ñkìå,8,1016.2,8
35448,35448,2024-01-17,2,00:00:00,956,5.1,8,0.0,8,1,0,1,0.0,8,1,0.0,1.0,1,68,1,1.0,ìÏìå,8,1030.6,8,7.0,8,0.0,8,1,0,1,0.0,8,1,0.0,1.0,1,78.0,1,4.3,ñkñkêº,8,1030.2,8,4.7,8,0.0,8,1,8,1,0.0,8,1,0.0,1.0,1,69.0,1,1.2,ñk,8,1030.6,8
35616,35616,2024-01-24,2,00:00:00,1146,1.0,8,0.0,8,1,0,1,0.0,8,1,0.0,1.0,1,52,1,6.7,êºñkêº,8,1020.9,8,2.0,8,0.0,8,1,0,1,0.0,8,1,0.0,1.0,1,91.0,1,5.2,ñkñkêº,8,1021.3,8,0.2,8,0.0,8,1,8,1,0.0,8,1,0.0,1.0,1,67.0,1,2.4,ñkñkêº,8,1022.0,8
35784,35784,2024-01-31,2,00:00:00,937,8.8,8,0.0,8,1,0,1,0.0,8,1,0.0,1.0,1,67,1,1.1,ìÏêº,8,1025.8,8,10.4,8,0.0,8,1,0,1,0.0,8,1,0.0,1.0,1,91.0,1,2.6,ñk,8,1026.1,8,8.2,8,0.0,8,1,8,1,0.0,8,1,0.0,1.0,1,75.0,1,0.7,ñk,8,1026.4,8
35952,35952,2024-02-07,2,00:00:00,910,7.9,8,0.0,8,1,0,1,0.0,8,1,0.0,1.0,1,82,1,1.1,ìÏìÏêº,8,1021.3,8,11.0,8,0.0,8,1,0,1,0.0,8,1,0.0,1.0,1,61.0,1,2.1,ñkñkêº,8,1020.5,8,8.8,8,0.0,8,1,8,1,0.0,8,1,0.0,1.0,1,76.0,1,0.2,ê√â∏,8,1020.8,8
36120,36120,2024-02-14,2,00:00:00,885,12.8,8,0.0,8,1,0,1,0.0,8,1,0.0,1.0,1,70,1,3.7,ìÏìÏìå,8,1028.0,8,11.9,8,0.0,8,1,0,1,0.0,8,1,0.0,1.0,1,89.0,1,2.9,ñk,8,1029.0,8,8.2,8,0.0,8,1,8,1,0.0,8,1,0.0,1.0,1,86.0,1,1.0,ñkìå,8,1029.1,8
36288,36288,2024-02-21,2,00:00:00,807,13.0,8,0.0,8,1,0,1,1.5,8,1,0.0,1.0,1,98,1,3.0,ñkñkêº,8,1019.7,8,18.0,8,0.0,8,1,0,1,1.5,8,1,0.0,1.0,1,99.0,1,0.3,êºìÏêº,8,1019.0,8,15.2,8,0.0,8,1,8,1,0.0,8,1,0.0,1.0,1,96.0,1,1.2,ìÏìå,8,1018.5,8
36456,36456,2024-02-28,2,00:00:00,936,6.2,8,0.0,8,1,0,1,0.0,8,1,0.0,1.0,1,60,1,1.5,ìÏìå,8,1029.0,8,11.0,8,0.0,8,1,0,1,0.0,8,1,0.0,1.0,1,56.0,1,2.7,ñk,8,1025.7,8,5.1,8,0.0,8,1,8,1,0.0,8,1,0.0,1.0,1,63.0,1,1.4,ñk,8,1027.6,8
36624,36624,2024-03-06,2,00:00:00,858,10.2,8,0.0,8,1,0,1,0.0,8,1,0.0,1.0,1,92,1,2.7,ñkñkêº,8,1008.2,8,16.6,8,0.0,8,1,0,1,0.0,8,1,0.0,1.0,1,99.0,1,4.0,êºñkêº,8,1003.8,8,10.7,8,0.0,8,1,8,1,0.0,8,1,0.0,1.0,1,96.0,1,3.7,ñkñkêº,8,1005.6,8
36792,36792,2024-03-13,2,00:00:00,866,8.1,8,0.0,8,1,0,1,0.0,8,1,0.0,1.0,1,87,1,0.7,ìÏìå,8,1017.4,8,8.8,8,0.0,8,1,0,1,0.0,8,1,0.0,1.0,1,81.0,1,3.1,ñkêº,8,1016.1,8,8.1,8,0.0,8,1,8,1,0.0,8,1,0.0,1.0,1,76.0,1,1.0,ñkêº,8,1017.4,8
37128,37128,2024-03-27,2,00:00:00,826,10.0,8,0.0,8,1,8,1,0.0,8,1,0.0,1.0,1,77,1,1.4,ñkñkìå,8,1023.3,8,11.2,8,0.0,8,1,8,1,0.0,8,1,0.0,1.0,1,68.0,1,2.9,ñkñkêº,8,1020.7,8,9.4,8,0.0,8,1,8,1,0.0,8,1,0.0,1.0,1,78.0,1,1.6,ñkñkìå,8,1022.2,8
37296,37296,2024-04-03,2,00:00:00,747,14.5,8,0.0,8,1,8,1,7.5,8,1,0.0,1.0,1,91,1,4.6,ìÏìå,8,1011.0,8,17.7,8,0.0,8,1,8,1,1.0,8,1,0.0,1.0,1,89.0,1,2.2,ìåìÏìå,8,1012.8,8,14.9,8,0.0,8,1,8,1,2.0,8,1,0.0,1.0,1,87.0,1,2.4,ñkñkêº,8,1010.5,8
37464,37464,2024-04-10,2,00:00:00,768,11.3,8,0.0,8,1,8,1,0.0,8,1,0.0,1.0,1,70,1,2.4,ñkñkìå,8,1024.5,8,16.0,8,0.0,8,1,8,1,0.0,8,1,0.0,1.0,1,73.0,1,3.7,ñkñkìå,8,1021.0,8,11.4,8,0.0,8,1,8,1,0.0,8,1,0.0,1.0,1,72.0,1,2.0,ñk,8,1022.9,8
37632,37632,2024-04-17,2,00:00:00,732,15.6,8,0.0,8,1,8,1,0.0,8,1,0.0,1.0,1,91,1,1.1,ìåìÏìå,8,1012.6,8,17.7,8,0.0,8,1,8,1,0.0,8,1,0.0,1.0,1,88.0,1,2.7,ñkñkêº,8,1012.7,8,17.4,8,0.0,8,1,8,1,0.0,8,1,0.0,1.0,1,84.0,1,1.4,ìÏìÏêº,8,1012.6,8
37800,37800,2024-04-24,2,00:00:00,751,17.2,8,0.0,8,1,8,1,0.5,8,1,0.0,1.0,1,94,1,1.5,êº,8,1007.5,8,20.2,8,0.0,8,1,8,1,0.0,8,1,0.0,1.0,1,99.0,1,0.8,ìÏìÏìå,8,1007.7,8,19.1,8,0.0,8,1,8,1,0.0,8,1,0.0,1.0,1,95.0,1,0.9,ìÏìÏìå,8,1007.2,8
